"","ID","month","fire","MeanTSLF","weight","severity"
"1",1,1,0,18.2428571428571,1,0
"2",1,2,0,19.2761904761905,1,0
"3",1,3,0,20.2174603174603,1,0
"4",1,4,0,21.2507936507936,1,0
"5",1,5,0,22.2507936507936,1,0
"6",1,6,1,23.284126984127,2,2
"7",1,7,2,22.7380952380952,2,4
"8",1,8,3,21.8666666666667,3,9
"9",1,9,1,18.331746031746,3,3
"10",1,10,1,17.5428571428571,3,3
"11",1,11,0,16.2095238095238,1,0
"12",1,12,0,17.2095238095238,1,0
"13",2,1,0,18.2428571428571,1,0
"14",2,2,0,19.2761904761905,1,0
"15",2,3,0,20.2174603174603,1,0
"16",2,4,0,21.2507936507936,1,0
"17",2,5,0,22.2507936507936,1,0
"18",2,6,1,23.284126984127,2,2
"19",2,7,2,22.7380952380952,2,4
"20",2,8,3,21.8666666666667,3,9
"21",2,9,1,18.331746031746,3,3
"22",2,10,1,17.5428571428571,3,3
"23",2,11,0,16.2095238095238,1,0
"24",2,12,0,17.2095238095238,1,0
"25",3,1,0,18.2428571428571,1,0
"26",3,2,0,19.2761904761905,1,0
"27",3,3,0,20.2174603174603,1,0
"28",3,4,0,21.2507936507936,1,0
"29",3,5,0,22.2507936507936,1,0
"30",3,6,1,23.284126984127,2,2
"31",3,7,2,22.7380952380952,2,4
"32",3,8,3,21.8666666666667,3,9
"33",3,9,1,18.331746031746,3,3
"34",3,10,1,17.5428571428571,3,3
"35",3,11,0,16.2095238095238,1,0
"36",3,12,0,17.2095238095238,1,0
"37",4,1,0,18.2428571428571,1,0
"38",4,2,0,19.2761904761905,1,0
"39",4,3,0,20.2174603174603,1,0
"40",4,4,0,21.2507936507936,1,0
"41",4,5,0,22.2507936507936,1,0
"42",4,6,1,23.284126984127,2,2
"43",4,7,2,22.7380952380952,2,4
"44",4,8,3,21.8666666666667,3,9
"45",4,9,1,18.331746031746,3,3
"46",4,10,1,17.5428571428571,3,3
"47",4,11,0,16.2095238095238,1,0
"48",4,12,0,17.2095238095238,1,0
"49",5,1,0,13.4539682539683,1,0
"50",5,2,0,14.4873015873016,1,0
"51",5,3,0,15.4285714285714,1,0
"52",5,4,0,16.4619047619048,1,0
"53",5,5,1,17.4619047619048,1,1
"54",5,6,1,17.4333333333333,2,2
"55",5,7,2,16.8396825396825,2,4
"56",5,8,3,15.165,3,9
"57",5,9,3,13.2079365079365,3,9
"58",5,10,1,11.1603174603175,3,3
"59",5,11,0,11.4206349206349,1,0
"60",5,12,0,12.4206349206349,1,0
"61",6,1,0,13.4539682539683,1,0
"62",6,2,0,14.4873015873016,1,0
"63",6,3,0,15.4285714285714,1,0
"64",6,4,0,16.4619047619048,1,0
"65",6,5,1,17.4619047619048,1,1
"66",6,6,1,17.4333333333333,2,2
"67",6,7,2,16.8396825396825,2,4
"68",6,8,3,15.165,3,9
"69",6,9,3,13.2079365079365,3,9
"70",6,10,1,11.1603174603175,3,3
"71",6,11,0,11.4206349206349,1,0
"72",6,12,0,12.4206349206349,1,0
"73",7,1,0,13.4539682539683,1,0
"74",7,2,0,14.4873015873016,1,0
"75",7,3,0,15.4285714285714,1,0
"76",7,4,0,16.4619047619048,1,0
"77",7,5,1,17.4619047619048,1,1
"78",7,6,1,17.4333333333333,2,2
"79",7,7,2,16.8396825396825,2,4
"80",7,8,3,15.165,3,9
"81",7,9,3,13.2079365079365,3,9
"82",7,10,1,11.1603174603175,3,3
"83",7,11,0,11.4206349206349,1,0
"84",7,12,0,12.4206349206349,1,0
"85",8,1,0,13.4539682539683,1,0
"86",8,2,0,14.4873015873016,1,0
"87",8,3,0,15.4285714285714,1,0
"88",8,4,0,16.4619047619048,1,0
"89",8,5,1,17.4619047619048,1,1
"90",8,6,1,17.4333333333333,2,2
"91",8,7,2,16.8396825396825,2,4
"92",8,8,3,15.165,3,9
"93",8,9,3,13.2079365079365,3,9
"94",8,10,1,11.1603174603175,3,3
"95",8,11,0,11.4206349206349,1,0
"96",8,12,0,12.4206349206349,1,0
"97",9,1,0,18.9619047619048,1,0
"98",9,2,0,19.9952380952381,1,0
"99",9,3,1,20.9365079365079,1,1
"100",9,4,0,21.584126984127,1,0
"101",9,5,0,22.584126984127,1,0
"102",9,6,1,23.6174603174603,2,2
"103",9,7,1,21.8650793650794,2,2
"104",9,8,1,19.8333333333333,3,3
"105",9,9,3,19.7016666666667,3,9
"106",9,10,1,17.1015873015873,3,3
"107",9,11,0,16.9285714285714,1,0
"108",9,12,0,17.9285714285714,1,0
"109",10,1,0,18.2916666666667,1,0
"110",10,2,0,19.325,1,0
"111",10,3,0,20.2666666666667,1,0
"112",10,4,0,21.3,1,0
"113",10,5,0,22.3,1,0
"114",10,6,2,23.3333333333333,2,4
"115",10,7,2,22.3041666666667,2,4
"116",10,8,1,21.7541666666667,3,3
"117",10,9,1,19.6791666666667,3,3
"118",10,10,1,18.33125,3,3
"119",10,11,0,16.2583333333333,1,0
"120",10,12,0,17.2583333333333,1,0
"121",11,1,0,18.2916666666667,1,0
"122",11,2,0,19.325,1,0
"123",11,3,0,20.2666666666667,1,0
"124",11,4,0,21.3,1,0
"125",11,5,0,22.3,1,0
"126",11,6,2,23.3333333333333,2,4
"127",11,7,2,22.3041666666667,2,4
"128",11,8,1,21.7541666666667,3,3
"129",11,9,1,19.6791666666667,3,3
"130",11,10,1,18.33125,3,3
"131",11,11,0,16.2583333333333,1,0
"132",11,12,0,17.2583333333333,1,0
"133",12,1,0,16.9017543859649,1,0
"134",12,2,0,17.9350877192982,1,0
"135",12,3,0,18.8771929824561,1,0
"136",12,4,0,19.9105263157895,1,0
"137",12,5,0,20.9105263157895,1,0
"138",12,6,1,21.9438596491228,2,2
"139",12,7,3,21.7157894736842,2,6
"140",12,8,1,19.0122807017544,3,3
"141",12,9,2,18.1771929824561,3,6
"142",12,10,1,16.4508771929825,3,3
"143",12,11,0,14.8684210526316,1,0
"144",12,12,0,15.8684210526316,1,0
"145",13,1,0,19.1539682539683,1,0
"146",13,2,0,20.1873015873016,1,0
"147",13,3,0,21.1285714285714,1,0
"148",13,4,0,22.1619047619048,1,0
"149",13,5,0,23.1619047619048,1,0
"150",13,6,2,24.1952380952381,2,4
"151",13,7,1,21.8634920634921,2,2
"152",13,8,2,20.9983333333333,3,6
"153",13,9,3,19.9222222222222,3,9
"154",13,10,0,16.0873015873016,3,0
"155",13,11,0,17.1206349206349,1,0
"156",13,12,0,18.1206349206349,1,0
"157",14,1,0,25.1396825396825,1,0
"158",14,2,0,26.1730158730159,1,0
"159",14,3,0,27.1142857142857,1,0
"160",14,4,0,28.147619047619,1,0
"161",14,5,0,29.147619047619,1,0
"162",14,6,1,30.1809523809524,2,2
"163",14,7,0,28.4285714285714,2,0
"164",14,8,2,28.3983333333333,3,6
"165",14,9,3,26.9698412698413,3,9
"166",14,10,0,22.0730158730159,3,0
"167",14,11,0,23.1063492063492,1,0
"168",14,12,0,24.1063492063492,1,0
"169",15,1,0,25.1396825396825,1,0
"170",15,2,0,26.1730158730159,1,0
"171",15,3,0,27.1142857142857,1,0
"172",15,4,0,28.147619047619,1,0
"173",15,5,0,29.147619047619,1,0
"174",15,6,1,30.1809523809524,2,2
"175",15,7,0,28.4285714285714,2,0
"176",15,8,2,28.3983333333333,3,6
"177",15,9,3,26.9698412698413,3,9
"178",15,10,0,22.0730158730159,3,0
"179",15,11,0,23.1063492063492,1,0
"180",15,12,0,24.1063492063492,1,0
"181",16,1,0,19.1539682539683,1,0
"182",16,2,0,20.1873015873016,1,0
"183",16,3,0,21.1285714285714,1,0
"184",16,4,0,22.1619047619048,1,0
"185",16,5,0,23.1619047619048,1,0
"186",16,6,2,24.1952380952381,2,4
"187",16,7,1,21.8634920634921,2,2
"188",16,8,2,20.9983333333333,3,6
"189",16,9,3,19.9222222222222,3,9
"190",16,10,0,16.0873015873016,3,0
"191",16,11,0,17.1206349206349,1,0
"192",16,12,0,18.1206349206349,1,0
"193",17,1,0,23.2126984126984,1,0
"194",17,2,0,24.2460317460317,1,0
"195",17,3,0,25.1873015873016,1,0
"196",17,4,0,26.2206349206349,1,0
"197",17,5,0,27.2206349206349,1,0
"198",17,6,1,28.2539682539683,2,2
"199",17,7,1,26.5015873015873,2,2
"200",17,8,2,23.3833333333333,3,6
"201",17,9,2,22.1936507936508,3,6
"202",17,10,0,20.1460317460317,3,0
"203",17,11,0,21.1793650793651,1,0
"204",17,12,0,22.1793650793651,1,0
"205",18,1,0,20.747619047619,1,0
"206",18,2,0,21.7809523809524,1,0
"207",18,3,0,22.7222222222222,1,0
"208",18,4,0,23.7555555555556,1,0
"209",18,5,0,24.7555555555556,1,0
"210",18,6,1,25.7888888888889,2,2
"211",18,7,1,24.0365079365079,2,2
"212",18,8,2,23.3833333333333,3,6
"213",18,9,2,22.1936507936508,3,6
"214",18,10,0,20.1460317460317,3,0
"215",18,11,1,21.1793650793651,1,1
"216",18,12,0,19.7142857142857,1,0
"217",19,1,0,23.2126984126984,1,0
"218",19,2,0,24.2460317460317,1,0
"219",19,3,0,25.1873015873016,1,0
"220",19,4,0,26.2206349206349,1,0
"221",19,5,0,27.2206349206349,1,0
"222",19,6,1,28.2539682539683,2,2
"223",19,7,1,26.5015873015873,2,2
"224",19,8,2,23.3833333333333,3,6
"225",19,9,2,22.1936507936508,3,6
"226",19,10,0,20.1460317460317,3,0
"227",19,11,0,21.1793650793651,1,0
"228",19,12,0,22.1793650793651,1,0
"229",20,1,0,23.2126984126984,1,0
"230",20,2,0,24.2460317460317,1,0
"231",20,3,0,25.1873015873016,1,0
"232",20,4,0,26.2206349206349,1,0
"233",20,5,0,27.2206349206349,1,0
"234",20,6,1,28.2539682539683,2,2
"235",20,7,1,26.5015873015873,2,2
"236",20,8,2,23.3833333333333,3,6
"237",20,9,2,22.1936507936508,3,6
"238",20,10,0,20.1460317460317,3,0
"239",20,11,0,21.1793650793651,1,0
"240",20,12,0,22.1793650793651,1,0
"241",21,1,0,20.3566666666667,1,0
"242",21,2,0,21.39,1,0
"243",21,3,0,22.3316666666667,1,0
"244",21,4,0,23.365,1,0
"245",21,5,0,24.365,1,0
"246",21,6,1,25.3983333333333,2,2
"247",21,7,0,23.5083333333333,2,0
"248",21,8,1,23.1631578947368,3,3
"249",21,9,3,22.9701754385965,3,9
"250",21,10,0,19.2183333333333,3,0
"251",21,11,1,20.2516666666667,1,1
"252",21,12,0,19.3233333333333,1,0
"253",22,1,0,20.3566666666667,1,0
"254",22,2,0,21.39,1,0
"255",22,3,0,22.3316666666667,1,0
"256",22,4,0,23.365,1,0
"257",22,5,0,24.365,1,0
"258",22,6,1,25.3983333333333,2,2
"259",22,7,0,23.5083333333333,2,0
"260",22,8,1,23.1631578947368,3,3
"261",22,9,3,22.9701754385965,3,9
"262",22,10,0,19.2183333333333,3,0
"263",22,11,1,20.2516666666667,1,1
"264",22,12,0,19.3233333333333,1,0
"265",23,1,0,20.3566666666667,1,0
"266",23,2,0,21.39,1,0
"267",23,3,0,22.3316666666667,1,0
"268",23,4,0,23.365,1,0
"269",23,5,0,24.365,1,0
"270",23,6,1,25.3983333333333,2,2
"271",23,7,0,23.5083333333333,2,0
"272",23,8,1,23.1631578947368,3,3
"273",23,9,3,22.9701754385965,3,9
"274",23,10,0,19.2183333333333,3,0
"275",23,11,1,20.2516666666667,1,1
"276",23,12,0,19.3233333333333,1,0
"277",24,1,0,20.3566666666667,1,0
"278",24,2,0,21.39,1,0
"279",24,3,0,22.3316666666667,1,0
"280",24,4,0,23.365,1,0
"281",24,5,0,24.365,1,0
"282",24,6,1,25.3983333333333,2,2
"283",24,7,0,23.5083333333333,2,0
"284",24,8,1,23.1631578947368,3,3
"285",24,9,3,22.9701754385965,3,9
"286",24,10,0,19.2183333333333,3,0
"287",24,11,1,20.2516666666667,1,1
"288",24,12,0,19.3233333333333,1,0
"289",25,1,0,15.4140350877193,1,0
"290",25,2,0,16.4473684210526,1,0
"291",25,3,0,17.3894736842105,1,0
"292",25,4,0,18.4228070175439,1,0
"293",25,5,2,19.4228070175439,1,2
"294",25,6,2,16.8789473684211,2,4
"295",25,7,1,14.6210526315789,2,2
"296",25,8,2,15.6017543859649,3,6
"297",25,9,2,14.1263157894737,3,6
"298",25,10,0,12.3473684210526,3,0
"299",25,11,0,13.380701754386,1,0
"300",25,12,0,14.380701754386,1,0
"301",26,1,0,19.7456140350877,1,0
"302",26,2,0,20.7789473684211,1,0
"303",26,3,0,21.721052631579,1,0
"304",26,4,0,22.7543859649123,1,0
"305",26,5,2,23.7543859649123,1,2
"306",26,6,1,21.2105263157895,2,2
"307",26,7,2,18.9526315789474,2,4
"308",26,8,2,19.1859649122807,3,6
"309",26,9,1,17.7105263157895,3,3
"310",26,10,0,16.6789473684211,3,0
"311",26,11,0,17.7122807017544,1,0
"312",26,12,0,18.7122807017544,1,0
"313",27,1,0,15.4140350877193,1,0
"314",27,2,0,16.4473684210526,1,0
"315",27,3,0,17.3894736842105,1,0
"316",27,4,0,18.4228070175439,1,0
"317",27,5,2,19.4228070175439,1,2
"318",27,6,2,16.8789473684211,2,4
"319",27,7,1,14.6210526315789,2,2
"320",27,8,2,15.6017543859649,3,6
"321",27,9,2,14.1263157894737,3,6
"322",27,10,0,12.3473684210526,3,0
"323",27,11,0,13.380701754386,1,0
"324",27,12,0,14.380701754386,1,0
"325",28,1,0,15.4140350877193,1,0
"326",28,2,0,16.4473684210526,1,0
"327",28,3,0,17.3894736842105,1,0
"328",28,4,0,18.4228070175439,1,0
"329",28,5,2,19.4228070175439,1,2
"330",28,6,2,16.8789473684211,2,4
"331",28,7,1,14.6210526315789,2,2
"332",28,8,2,15.6017543859649,3,6
"333",28,9,2,14.1263157894737,3,6
"334",28,10,0,12.3473684210526,3,0
"335",28,11,0,13.380701754386,1,0
"336",28,12,0,14.380701754386,1,0
"337",29,1,0,16.0126984126984,1,0
"338",29,2,0,17.0460317460317,1,0
"339",29,3,0,17.9873015873016,1,0
"340",29,4,0,19.0206349206349,1,0
"341",29,5,0,20.0206349206349,1,0
"342",29,6,2,21.0539682539683,2,4
"343",29,7,1,19.9285714285714,2,2
"344",29,8,2,20.185,3,6
"345",29,9,3,19.147619047619,3,9
"346",29,10,1,15.3126984126984,3,3
"347",29,11,0,13.9793650793651,1,0
"348",29,12,0,14.9793650793651,1,0
"349",30,1,0,16.0126984126984,1,0
"350",30,2,0,17.0460317460317,1,0
"351",30,3,0,17.9873015873016,1,0
"352",30,4,0,19.0206349206349,1,0
"353",30,5,0,20.0206349206349,1,0
"354",30,6,2,21.0539682539683,2,4
"355",30,7,1,19.9285714285714,2,2
"356",30,8,2,20.185,3,6
"357",30,9,3,19.147619047619,3,9
"358",30,10,1,15.3126984126984,3,3
"359",30,11,0,13.9793650793651,1,0
"360",30,12,0,14.9793650793651,1,0
"361",31,1,0,16.0126984126984,1,0
"362",31,2,0,17.0460317460317,1,0
"363",31,3,0,17.9873015873016,1,0
"364",31,4,0,19.0206349206349,1,0
"365",31,5,0,20.0206349206349,1,0
"366",31,6,2,21.0539682539683,2,4
"367",31,7,1,19.9285714285714,2,2
"368",31,8,2,20.185,3,6
"369",31,9,3,19.147619047619,3,9
"370",31,10,1,15.3126984126984,3,3
"371",31,11,0,13.9793650793651,1,0
"372",31,12,0,14.9793650793651,1,0
"373",32,1,0,16.0126984126984,1,0
"374",32,2,0,17.0460317460317,1,0
"375",32,3,0,17.9873015873016,1,0
"376",32,4,0,19.0206349206349,1,0
"377",32,5,0,20.0206349206349,1,0
"378",32,6,2,21.0539682539683,2,4
"379",32,7,1,19.9285714285714,2,2
"380",32,8,2,20.185,3,6
"381",32,9,3,19.147619047619,3,9
"382",32,10,1,15.3126984126984,3,3
"383",32,11,0,13.9793650793651,1,0
"384",32,12,0,14.9793650793651,1,0
"385",33,1,0,19.8912280701754,1,0
"386",33,2,0,20.9245614035088,1,0
"387",33,3,0,21.8666666666667,1,0
"388",33,4,0,22.9,1,0
"389",33,5,1,23.9,1,1
"390",33,6,1,22.5859649122807,2,2
"391",33,7,1,20.3280701754386,2,2
"392",33,8,2,20.6684210526316,3,6
"393",33,9,2,19.0842105263158,3,6
"394",33,10,0,16.8245614035088,3,0
"395",33,11,0,17.8578947368421,1,0
"396",33,12,0,18.8578947368421,1,0
"397",34,1,0,19.8912280701754,1,0
"398",34,2,0,20.9245614035088,1,0
"399",34,3,0,21.8666666666667,1,0
"400",34,4,0,22.9,1,0
"401",34,5,1,23.9,1,1
"402",34,6,1,22.5859649122807,2,2
"403",34,7,1,20.3280701754386,2,2
"404",34,8,2,20.6684210526316,3,6
"405",34,9,2,19.0842105263158,3,6
"406",34,10,0,16.8245614035088,3,0
"407",34,11,0,17.8578947368421,1,0
"408",34,12,0,18.8578947368421,1,0
"409",35,1,0,22.9350877192982,1,0
"410",35,2,0,23.9684210526316,1,0
"411",35,3,0,24.9105263157895,1,0
"412",35,4,0,25.9438596491228,1,0
"413",35,5,2,26.9438596491228,1,2
"414",35,6,0,24.4543859649123,2,0
"415",35,7,1,25.4543859649123,2,2
"416",35,8,2,22.5368421052632,3,6
"417",35,9,2,22.2350877192982,3,6
"418",35,10,1,19.9754385964912,3,3
"419",35,11,0,20.9017543859649,1,0
"420",35,12,0,21.9017543859649,1,0
"421",36,1,0,22.9350877192982,1,0
"422",36,2,0,23.9684210526316,1,0
"423",36,3,0,24.9105263157895,1,0
"424",36,4,0,25.9438596491228,1,0
"425",36,5,2,26.9438596491228,1,2
"426",36,6,0,24.4543859649123,2,0
"427",36,7,1,25.4543859649123,2,2
"428",36,8,2,22.5368421052632,3,6
"429",36,9,2,22.2350877192982,3,6
"430",36,10,1,19.9754385964912,3,3
"431",36,11,0,20.9017543859649,1,0
"432",36,12,0,21.9017543859649,1,0
"433",37,1,0,18.0771929824561,1,0
"434",37,2,0,19.1105263157895,1,0
"435",37,3,0,20.0526315789474,1,0
"436",37,4,0,21.0859649122807,1,0
"437",37,5,0,22.0859649122807,1,0
"438",37,6,1,23.119298245614,2,2
"439",37,7,2,22.359649122807,2,4
"440",37,8,2,18.9614035087719,3,6
"441",37,9,2,17.2701754385965,3,6
"442",37,10,0,15.0105263157895,3,0
"443",37,11,0,16.0438596491228,1,0
"444",37,12,0,17.0438596491228,1,0
"445",38,1,0,20,1,0
"446",38,2,0,21.0333333333333,1,0
"447",38,3,0,21.9754385964912,1,0
"448",38,4,0,23.0087719298246,1,0
"449",38,5,1,24.0087719298246,1,1
"450",38,6,1,22.6947368421053,2,2
"451",38,7,2,20.4368421052632,2,4
"452",38,8,1,19.4947368421053,3,3
"453",38,9,2,19.1929824561404,3,6
"454",38,10,0,16.9333333333333,3,0
"455",38,11,0,17.9666666666667,1,0
"456",38,12,0,18.9666666666667,1,0
"457",39,1,0,20,1,0
"458",39,2,0,21.0333333333333,1,0
"459",39,3,0,21.9754385964912,1,0
"460",39,4,0,23.0087719298246,1,0
"461",39,5,1,24.0087719298246,1,1
"462",39,6,1,22.6947368421053,2,2
"463",39,7,2,20.4368421052632,2,4
"464",39,8,1,19.4947368421053,3,3
"465",39,9,2,19.1929824561404,3,6
"466",39,10,0,16.9333333333333,3,0
"467",39,11,0,17.9666666666667,1,0
"468",39,12,0,18.9666666666667,1,0
"469",40,1,0,18.0771929824561,1,0
"470",40,2,0,19.1105263157895,1,0
"471",40,3,0,20.0526315789474,1,0
"472",40,4,0,21.0859649122807,1,0
"473",40,5,0,22.0859649122807,1,0
"474",40,6,1,23.119298245614,2,2
"475",40,7,2,22.359649122807,2,4
"476",40,8,2,18.9614035087719,3,6
"477",40,9,2,17.2701754385965,3,6
"478",40,10,0,15.0105263157895,3,0
"479",40,11,0,16.0438596491228,1,0
"480",40,12,0,17.0438596491228,1,0
"481",41,1,0,22.0824561403509,1,0
"482",41,2,0,23.1157894736842,1,0
"483",41,3,0,24.0578947368421,1,0
"484",41,4,0,25.0912280701754,1,0
"485",41,5,0,26.0912280701754,1,0
"486",41,6,1,27.1245614035088,2,2
"487",41,7,2,26.3649122807018,2,4
"488",41,8,1,22.9666666666667,3,3
"489",41,9,2,22.6105263157895,3,6
"490",41,10,0,19.0157894736842,3,0
"491",41,11,0,20.0491228070175,1,0
"492",41,12,0,21.0491228070175,1,0
"493",42,1,0,22.0824561403509,1,0
"494",42,2,0,23.1157894736842,1,0
"495",42,3,0,24.0578947368421,1,0
"496",42,4,0,25.0912280701754,1,0
"497",42,5,0,26.0912280701754,1,0
"498",42,6,1,27.1245614035088,2,2
"499",42,7,2,26.3649122807018,2,4
"500",42,8,1,22.9666666666667,3,3
"501",42,9,2,22.6105263157895,3,6
"502",42,10,0,19.0157894736842,3,0
"503",42,11,0,20.0491228070175,1,0
"504",42,12,0,21.0491228070175,1,0
"505",43,1,0,22.0824561403509,1,0
"506",43,2,0,23.1157894736842,1,0
"507",43,3,0,24.0578947368421,1,0
"508",43,4,0,25.0912280701754,1,0
"509",43,5,0,26.0912280701754,1,0
"510",43,6,1,27.1245614035088,2,2
"511",43,7,2,26.3649122807018,2,4
"512",43,8,1,22.9666666666667,3,3
"513",43,9,2,22.6105263157895,3,6
"514",43,10,0,19.0157894736842,3,0
"515",43,11,0,20.0491228070175,1,0
"516",43,12,0,21.0491228070175,1,0
"517",44,1,0,22.0824561403509,1,0
"518",44,2,0,23.1157894736842,1,0
"519",44,3,0,24.0578947368421,1,0
"520",44,4,0,25.0912280701754,1,0
"521",44,5,0,26.0912280701754,1,0
"522",44,6,1,27.1245614035088,2,2
"523",44,7,2,26.3649122807018,2,4
"524",44,8,1,22.9666666666667,3,3
"525",44,9,2,22.6105263157895,3,6
"526",44,10,0,19.0157894736842,3,0
"527",44,11,0,20.0491228070175,1,0
"528",44,12,0,21.0491228070175,1,0
"529",45,1,0,21.3789473684211,1,0
"530",45,2,0,22.4122807017544,1,0
"531",45,3,0,23.3543859649123,1,0
"532",45,4,0,24.3877192982456,1,0
"533",45,5,0,25.3877192982456,1,0
"534",45,6,1,26.4210526315789,2,2
"535",45,7,2,24.3789473684211,2,4
"536",45,8,2,21.0894736842105,3,6
"537",45,9,3,20.680701754386,3,9
"538",45,10,0,18.3122807017544,3,0
"539",45,11,0,19.3456140350877,1,0
"540",45,12,0,20.3456140350877,1,0
"541",46,1,0,21.3789473684211,1,0
"542",46,2,0,22.4122807017544,1,0
"543",46,3,0,23.3543859649123,1,0
"544",46,4,0,24.3877192982456,1,0
"545",46,5,0,25.3877192982456,1,0
"546",46,6,1,26.4210526315789,2,2
"547",46,7,2,24.3789473684211,2,4
"548",46,8,2,21.0894736842105,3,6
"549",46,9,3,20.680701754386,3,9
"550",46,10,0,18.3122807017544,3,0
"551",46,11,0,19.3456140350877,1,0
"552",46,12,0,20.3456140350877,1,0
"553",47,1,0,21.3789473684211,1,0
"554",47,2,0,22.4122807017544,1,0
"555",47,3,0,23.3543859649123,1,0
"556",47,4,0,24.3877192982456,1,0
"557",47,5,0,25.3877192982456,1,0
"558",47,6,1,26.4210526315789,2,2
"559",47,7,2,24.3789473684211,2,4
"560",47,8,2,21.0894736842105,3,6
"561",47,9,3,20.680701754386,3,9
"562",47,10,0,18.3122807017544,3,0
"563",47,11,0,19.3456140350877,1,0
"564",47,12,0,20.3456140350877,1,0
"565",48,1,0,21.3789473684211,1,0
"566",48,2,0,22.4122807017544,1,0
"567",48,3,0,23.3543859649123,1,0
"568",48,4,0,24.3877192982456,1,0
"569",48,5,0,25.3877192982456,1,0
"570",48,6,1,26.4210526315789,2,2
"571",48,7,2,24.3789473684211,2,4
"572",48,8,2,21.0894736842105,3,6
"573",48,9,3,20.680701754386,3,9
"574",48,10,0,18.3122807017544,3,0
"575",48,11,0,19.3456140350877,1,0
"576",48,12,0,20.3456140350877,1,0
"577",49,1,0,17.859649122807,1,0
"578",49,2,0,18.8929824561404,1,0
"579",49,3,0,19.8350877192982,1,0
"580",49,4,0,20.8684210526316,1,0
"581",49,5,0,21.8684210526316,1,0
"582",49,6,2,22.9017543859649,2,4
"583",49,7,1,19.0456140350877,2,2
"584",49,8,2,19.8425925925926,3,6
"585",49,9,3,18,3,9
"586",49,10,0,14.7929824561404,3,0
"587",49,11,0,15.8263157894737,1,0
"588",49,12,0,16.8263157894737,1,0
"589",50,1,0,17.859649122807,1,0
"590",50,2,0,18.8929824561404,1,0
"591",50,3,0,19.8350877192982,1,0
"592",50,4,0,20.8684210526316,1,0
"593",50,5,0,21.8684210526316,1,0
"594",50,6,2,22.9017543859649,2,4
"595",50,7,1,19.0456140350877,2,2
"596",50,8,2,19.8425925925926,3,6
"597",50,9,3,18,3,9
"598",50,10,0,14.7929824561404,3,0
"599",50,11,0,15.8263157894737,1,0
"600",50,12,0,16.8263157894737,1,0
"601",51,1,0,17.859649122807,1,0
"602",51,2,0,18.8929824561404,1,0
"603",51,3,0,19.8350877192982,1,0
"604",51,4,0,20.8684210526316,1,0
"605",51,5,0,21.8684210526316,1,0
"606",51,6,2,22.9017543859649,2,4
"607",51,7,1,19.0456140350877,2,2
"608",51,8,2,19.8425925925926,3,6
"609",51,9,3,18,3,9
"610",51,10,0,14.7929824561404,3,0
"611",51,11,0,15.8263157894737,1,0
"612",51,12,0,16.8263157894737,1,0
"613",52,1,0,17.859649122807,1,0
"614",52,2,0,18.8929824561404,1,0
"615",52,3,0,19.8350877192982,1,0
"616",52,4,0,20.8684210526316,1,0
"617",52,5,0,21.8684210526316,1,0
"618",52,6,2,22.9017543859649,2,4
"619",52,7,1,19.0456140350877,2,2
"620",52,8,2,19.8425925925926,3,6
"621",52,9,3,18,3,9
"622",52,10,0,14.7929824561404,3,0
"623",52,11,0,15.8263157894737,1,0
"624",52,12,0,16.8263157894737,1,0
"625",53,1,0,13.9614035087719,1,0
"626",53,2,0,14.9947368421053,1,0
"627",53,3,0,15.9368421052632,1,0
"628",53,4,0,16.9701754385965,1,0
"629",53,5,0,17.9701754385965,1,0
"630",53,6,0,19.0035087719298,2,0
"631",53,7,1,20.0035087719298,2,2
"632",53,8,4,18.3740740740741,3,12
"633",53,9,4,14.1685185185185,3,12
"634",53,10,1,11.6421052631579,3,3
"635",53,11,0,11.9280701754386,1,0
"636",53,12,0,12.9280701754386,1,0
"637",54,1,0,15.3508771929825,1,0
"638",54,2,0,16.3842105263158,1,0
"639",54,3,0,17.3263157894737,1,0
"640",54,4,0,18.359649122807,1,0
"641",54,5,0,19.359649122807,1,0
"642",54,6,0,20.3929824561404,2,0
"643",54,7,2,21.3929824561404,2,4
"644",54,8,3,19.8407407407407,3,9
"645",54,9,4,17.6648148148148,3,12
"646",54,10,1,14.9543859649123,3,3
"647",54,11,0,13.3175438596491,1,0
"648",54,12,0,14.3175438596491,1,0
"649",55,1,0,15.3508771929825,1,0
"650",55,2,0,16.3842105263158,1,0
"651",55,3,0,17.3263157894737,1,0
"652",55,4,0,18.359649122807,1,0
"653",55,5,0,19.359649122807,1,0
"654",55,6,0,20.3929824561404,2,0
"655",55,7,2,21.3929824561404,2,4
"656",55,8,3,19.8407407407407,3,9
"657",55,9,4,17.6648148148148,3,12
"658",55,10,1,14.9543859649123,3,3
"659",55,11,0,13.3175438596491,1,0
"660",55,12,0,14.3175438596491,1,0
"661",56,1,0,13.9614035087719,1,0
"662",56,2,0,14.9947368421053,1,0
"663",56,3,0,15.9368421052632,1,0
"664",56,4,0,16.9701754385965,1,0
"665",56,5,0,17.9701754385965,1,0
"666",56,6,0,19.0035087719298,2,0
"667",56,7,1,20.0035087719298,2,2
"668",56,8,4,18.3740740740741,3,12
"669",56,9,4,14.1685185185185,3,12
"670",56,10,1,11.6421052631579,3,3
"671",56,11,0,11.9280701754386,1,0
"672",56,12,0,12.9280701754386,1,0
"673",57,1,0,16.1566666666667,1,0
"674",57,2,0,17.19,1,0
"675",57,3,0,18.1316666666667,1,0
"676",57,4,0,19.165,1,0
"677",57,5,0,20.165,1,0
"678",57,6,2,21.1983333333333,2,4
"679",57,7,2,18.7483333333333,2,4
"680",57,8,4,18.8473684210526,3,12
"681",57,9,2,14.7283333333333,3,6
"682",57,10,0,13.09,3,0
"683",57,11,0,14.1233333333333,1,0
"684",57,12,0,15.1233333333333,1,0
"685",58,1,0,16.1566666666667,1,0
"686",58,2,0,17.19,1,0
"687",58,3,0,18.1316666666667,1,0
"688",58,4,0,19.165,1,0
"689",58,5,0,20.165,1,0
"690",58,6,2,21.1983333333333,2,4
"691",58,7,2,18.7483333333333,2,4
"692",58,8,4,18.8473684210526,3,12
"693",58,9,2,14.7283333333333,3,6
"694",58,10,0,13.09,3,0
"695",58,11,0,14.1233333333333,1,0
"696",58,12,0,15.1233333333333,1,0
"697",59,1,0,16.1566666666667,1,0
"698",59,2,0,17.19,1,0
"699",59,3,0,18.1316666666667,1,0
"700",59,4,0,19.165,1,0
"701",59,5,0,20.165,1,0
"702",59,6,2,21.1983333333333,2,4
"703",59,7,2,18.7483333333333,2,4
"704",59,8,4,18.8473684210526,3,12
"705",59,9,2,14.7283333333333,3,6
"706",59,10,0,13.09,3,0
"707",59,11,0,14.1233333333333,1,0
"708",59,12,0,15.1233333333333,1,0
"709",60,1,0,16.1566666666667,1,0
"710",60,2,0,17.19,1,0
"711",60,3,0,18.1316666666667,1,0
"712",60,4,0,19.165,1,0
"713",60,5,0,20.165,1,0
"714",60,6,2,21.1983333333333,2,4
"715",60,7,2,18.7483333333333,2,4
"716",60,8,4,18.8473684210526,3,12
"717",60,9,2,14.7283333333333,3,6
"718",60,10,0,13.09,3,0
"719",60,11,0,14.1233333333333,1,0
"720",60,12,0,15.1233333333333,1,0
"721",61,1,0,13.1166666666667,1,0
"722",61,2,0,14.15,1,0
"723",61,3,0,15.0916666666667,1,0
"724",61,4,0,16.125,1,0
"725",61,5,1,17.125,1,1
"726",61,6,3,16.5366666666667,2,6
"727",61,7,1,15.3566666666667,2,2
"728",61,8,2,13.8350877192982,3,6
"729",61,9,3,13.01,3,9
"730",61,10,0,10.05,3,0
"731",61,11,0,11.0833333333333,1,0
"732",61,12,0,12.0833333333333,1,0
"733",62,1,0,14.3301587301587,1,0
"734",62,2,0,15.3634920634921,1,0
"735",62,3,0,16.3047619047619,1,0
"736",62,4,0,17.3380952380952,1,0
"737",62,5,1,18.3380952380952,1,1
"738",62,6,2,17.8269841269841,2,4
"739",62,7,1,17.2825396825397,2,2
"740",62,8,3,15.4266666666667,3,9
"741",62,9,3,14.0349206349206,3,9
"742",62,10,0,11.2634920634921,3,0
"743",62,11,0,12.2968253968254,1,0
"744",62,12,0,13.2968253968254,1,0
"745",63,1,0,14.3301587301587,1,0
"746",63,2,0,15.3634920634921,1,0
"747",63,3,0,16.3047619047619,1,0
"748",63,4,0,17.3380952380952,1,0
"749",63,5,1,18.3380952380952,1,1
"750",63,6,2,17.8269841269841,2,4
"751",63,7,1,17.2825396825397,2,2
"752",63,8,3,15.4266666666667,3,9
"753",63,9,3,14.0349206349206,3,9
"754",63,10,0,11.2634920634921,3,0
"755",63,11,0,12.2968253968254,1,0
"756",63,12,0,13.2968253968254,1,0
"757",64,1,0,14.3301587301587,1,0
"758",64,2,0,15.3634920634921,1,0
"759",64,3,0,16.3047619047619,1,0
"760",64,4,0,17.3380952380952,1,0
"761",64,5,1,18.3380952380952,1,1
"762",64,6,2,17.8269841269841,2,4
"763",64,7,1,17.2825396825397,2,2
"764",64,8,3,15.4266666666667,3,9
"765",64,9,3,14.0349206349206,3,9
"766",64,10,0,11.2634920634921,3,0
"767",64,11,0,12.2968253968254,1,0
"768",64,12,0,13.2968253968254,1,0
"769",65,1,0,16.4031746031746,1,0
"770",65,2,0,17.4365079365079,1,0
"771",65,3,0,18.3777777777778,1,0
"772",65,4,0,19.4111111111111,1,0
"773",65,5,0,20.4111111111111,1,0
"774",65,6,4,21.4444444444444,2,8
"775",65,7,1,18.0492063492064,2,2
"776",65,8,2,16.995,3,6
"777",65,9,3,16.1079365079365,3,9
"778",65,10,0,13.3365079365079,3,0
"779",65,11,0,14.3698412698413,1,0
"780",65,12,0,15.3698412698413,1,0
"781",66,1,0,15.3017543859649,1,0
"782",66,2,0,16.3350877192982,1,0
"783",66,3,0,17.2771929824561,1,0
"784",66,4,0,18.3105263157895,1,0
"785",66,5,1,19.3105263157895,1,1
"786",66,6,2,18.6368421052632,2,4
"787",66,7,1,17.59,2,2
"788",66,8,1,15.5982456140351,3,3
"789",66,9,3,15.4035087719298,3,9
"790",66,10,0,12.2350877192982,3,0
"791",66,11,0,13.2684210526316,1,0
"792",66,12,0,14.2684210526316,1,0
"793",67,1,0,16.4031746031746,1,0
"794",67,2,0,17.4365079365079,1,0
"795",67,3,0,18.3777777777778,1,0
"796",67,4,0,19.4111111111111,1,0
"797",67,5,0,20.4111111111111,1,0
"798",67,6,4,21.4444444444444,2,8
"799",67,7,1,18.0492063492064,2,2
"800",67,8,2,16.995,3,6
"801",67,9,3,16.1079365079365,3,9
"802",67,10,0,13.3365079365079,3,0
"803",67,11,0,14.3698412698413,1,0
"804",67,12,0,15.3698412698413,1,0
"805",68,1,0,16.4031746031746,1,0
"806",68,2,0,17.4365079365079,1,0
"807",68,3,0,18.3777777777778,1,0
"808",68,4,0,19.4111111111111,1,0
"809",68,5,0,20.4111111111111,1,0
"810",68,6,4,21.4444444444444,2,8
"811",68,7,1,18.0492063492064,2,2
"812",68,8,2,16.995,3,6
"813",68,9,3,16.1079365079365,3,9
"814",68,10,0,13.3365079365079,3,0
"815",68,11,0,14.3698412698413,1,0
"816",68,12,0,15.3698412698413,1,0
"817",69,1,0,28.9063492063492,1,0
"818",69,2,0,29.9396825396825,1,0
"819",69,3,0,30.8809523809524,1,0
"820",69,4,0,31.9142857142857,1,0
"821",69,5,0,32.9142857142857,1,0
"822",69,6,2,33.947619047619,2,4
"823",69,7,0,32.8238095238095,2,0
"824",69,8,2,30.1233333333333,3,6
"825",69,9,4,28.6111111111111,3,12
"826",69,10,0,25.8396825396825,3,0
"827",69,11,0,26.8730158730159,1,0
"828",69,12,0,27.8730158730159,1,0
"829",70,1,0,28.9063492063492,1,0
"830",70,2,0,29.9396825396825,1,0
"831",70,3,0,30.8809523809524,1,0
"832",70,4,0,31.9142857142857,1,0
"833",70,5,0,32.9142857142857,1,0
"834",70,6,2,33.947619047619,2,4
"835",70,7,0,32.8238095238095,2,0
"836",70,8,2,30.1233333333333,3,6
"837",70,9,4,28.6111111111111,3,12
"838",70,10,0,25.8396825396825,3,0
"839",70,11,0,26.8730158730159,1,0
"840",70,12,0,27.8730158730159,1,0
"841",71,1,0,12.8793650793651,1,0
"842",71,2,0,13.9126984126984,1,0
"843",71,3,0,14.8539682539683,1,0
"844",71,4,0,15.8873015873016,1,0
"845",71,5,1,16.8873015873016,1,1
"846",71,6,2,16.2777777777778,2,4
"847",71,7,1,15.2031746031746,2,2
"848",71,8,2,14.5633333333333,3,6
"849",71,9,4,13.6460317460317,3,12
"850",71,10,0,9.81269841269841,3,0
"851",71,11,0,10.8460317460317,1,0
"852",71,12,0,11.8460317460317,1,0
"853",72,1,0,12.8793650793651,1,0
"854",72,2,0,13.9126984126984,1,0
"855",72,3,0,14.8539682539683,1,0
"856",72,4,0,15.8873015873016,1,0
"857",72,5,1,16.8873015873016,1,1
"858",72,6,2,16.2777777777778,2,4
"859",72,7,1,15.2031746031746,2,2
"860",72,8,2,14.5633333333333,3,6
"861",72,9,4,13.6460317460317,3,12
"862",72,10,0,9.81269841269841,3,0
"863",72,11,0,10.8460317460317,1,0
"864",72,12,0,11.8460317460317,1,0
"865",73,1,0,36.0587301587302,1,0
"866",73,2,0,37.0920634920635,1,0
"867",73,3,0,38.0333333333333,1,0
"868",73,4,0,39.0666666666667,1,0
"869",73,5,0,40.0666666666667,1,0
"870",73,6,1,41.1,2,2
"871",73,7,0,41.0380952380952,2,0
"872",73,8,2,38.7483333333333,3,6
"873",73,9,2,36.8253968253968,3,6
"874",73,10,0,32.9920634920635,3,0
"875",73,11,0,34.0253968253968,1,0
"876",73,12,0,35.0253968253968,1,0
"877",74,1,0,36.0587301587302,1,0
"878",74,2,0,37.0920634920635,1,0
"879",74,3,0,38.0333333333333,1,0
"880",74,4,0,39.0666666666667,1,0
"881",74,5,0,40.0666666666667,1,0
"882",74,6,1,41.1,2,2
"883",74,7,0,41.0380952380952,2,0
"884",74,8,2,38.7483333333333,3,6
"885",74,9,2,36.8253968253968,3,6
"886",74,10,0,32.9920634920635,3,0
"887",74,11,0,34.0253968253968,1,0
"888",74,12,0,35.0253968253968,1,0
"889",75,1,0,36.0587301587302,1,0
"890",75,2,0,37.0920634920635,1,0
"891",75,3,0,38.0333333333333,1,0
"892",75,4,0,39.0666666666667,1,0
"893",75,5,0,40.0666666666667,1,0
"894",75,6,1,41.1,2,2
"895",75,7,0,41.0380952380952,2,0
"896",75,8,2,38.7483333333333,3,6
"897",75,9,2,36.8253968253968,3,6
"898",75,10,0,32.9920634920635,3,0
"899",75,11,0,34.0253968253968,1,0
"900",75,12,0,35.0253968253968,1,0
"901",76,1,0,36.0587301587302,1,0
"902",76,2,0,37.0920634920635,1,0
"903",76,3,0,38.0333333333333,1,0
"904",76,4,0,39.0666666666667,1,0
"905",76,5,0,40.0666666666667,1,0
"906",76,6,1,41.1,2,2
"907",76,7,0,41.0380952380952,2,0
"908",76,8,2,38.7483333333333,3,6
"909",76,9,2,36.8253968253968,3,6
"910",76,10,0,32.9920634920635,3,0
"911",76,11,0,34.0253968253968,1,0
"912",76,12,0,35.0253968253968,1,0
"913",77,1,0,12.7349206349206,1,0
"914",77,2,0,13.768253968254,1,0
"915",77,3,0,14.7095238095238,1,0
"916",77,4,0,15.7428571428571,1,0
"917",77,5,1,16.7428571428571,1,1
"918",77,6,3,16.1333333333333,2,6
"919",77,7,1,15.0095238095238,2,2
"920",77,8,2,14.4116666666667,3,6
"921",77,9,4,13.5015873015873,3,12
"922",77,10,1,9.71587301587302,3,3
"923",77,11,0,10.7015873015873,1,0
"924",77,12,0,11.7015873015873,1,0
"925",78,1,0,12.7349206349206,1,0
"926",78,2,0,13.768253968254,1,0
"927",78,3,0,14.7095238095238,1,0
"928",78,4,0,15.7428571428571,1,0
"929",78,5,1,16.7428571428571,1,1
"930",78,6,3,16.1333333333333,2,6
"931",78,7,1,15.0095238095238,2,2
"932",78,8,2,14.4116666666667,3,6
"933",78,9,4,13.5015873015873,3,12
"934",78,10,1,9.71587301587302,3,3
"935",78,11,0,10.7015873015873,1,0
"936",78,12,0,11.7015873015873,1,0
"937",79,1,0,12.4428571428571,1,0
"938",79,2,0,13.4761904761905,1,0
"939",79,3,0,14.4174603174603,1,0
"940",79,4,0,15.4507936507937,1,0
"941",79,5,0,16.4507936507936,1,0
"942",79,6,3,17.484126984127,2,6
"943",79,7,1,14.7174603174603,2,2
"944",79,8,2,14.105,3,6
"945",79,9,5,13.3555555555556,3,15
"946",79,10,1,9.42380952380952,3,3
"947",79,11,0,10.4095238095238,1,0
"948",79,12,0,11.4095238095238,1,0
"949",80,1,0,12.4428571428571,1,0
"950",80,2,0,13.4761904761905,1,0
"951",80,3,0,14.4174603174603,1,0
"952",80,4,0,15.4507936507937,1,0
"953",80,5,0,16.4507936507936,1,0
"954",80,6,3,17.484126984127,2,6
"955",80,7,1,14.7174603174603,2,2
"956",80,8,2,14.105,3,6
"957",80,9,5,13.3555555555556,3,15
"958",80,10,1,9.42380952380952,3,3
"959",80,11,0,10.4095238095238,1,0
"960",80,12,0,11.4095238095238,1,0
"961",81,1,0,11.8650793650794,1,0
"962",81,2,0,12.8984126984127,1,0
"963",81,3,0,13.8396825396825,1,0
"964",81,4,0,14.8730158730159,1,0
"965",81,5,2,15.8730158730159,1,2
"966",81,6,3,15.4603174603175,2,6
"967",81,7,1,14.1396825396825,2,2
"968",81,8,2,13.4983333333333,3,6
"969",81,9,4,12.631746031746,3,12
"970",81,10,0,8.7984126984127,3,0
"971",81,11,0,9.83174603174603,1,0
"972",81,12,0,10.831746031746,1,0
"973",82,1,0,11.8650793650794,1,0
"974",82,2,0,12.8984126984127,1,0
"975",82,3,0,13.8396825396825,1,0
"976",82,4,0,14.8730158730159,1,0
"977",82,5,2,15.8730158730159,1,2
"978",82,6,3,15.4603174603175,2,6
"979",82,7,1,14.1396825396825,2,2
"980",82,8,2,13.4983333333333,3,6
"981",82,9,4,12.631746031746,3,12
"982",82,10,0,8.7984126984127,3,0
"983",82,11,0,9.83174603174603,1,0
"984",82,12,0,10.831746031746,1,0
"985",83,1,0,11.8650793650794,1,0
"986",83,2,0,12.8984126984127,1,0
"987",83,3,0,13.8396825396825,1,0
"988",83,4,0,14.8730158730159,1,0
"989",83,5,2,15.8730158730159,1,2
"990",83,6,3,15.4603174603175,2,6
"991",83,7,1,14.1396825396825,2,2
"992",83,8,2,13.4983333333333,3,6
"993",83,9,4,12.631746031746,3,12
"994",83,10,0,8.7984126984127,3,0
"995",83,11,0,9.83174603174603,1,0
"996",83,12,0,10.831746031746,1,0
"997",84,1,0,11.8650793650794,1,0
"998",84,2,0,12.8984126984127,1,0
"999",84,3,0,13.8396825396825,1,0
"1000",84,4,0,14.8730158730159,1,0
"1001",84,5,2,15.8730158730159,1,2
"1002",84,6,3,15.4603174603175,2,6
"1003",84,7,1,14.1396825396825,2,2
"1004",84,8,2,13.4983333333333,3,6
"1005",84,9,4,12.631746031746,3,12
"1006",84,10,0,8.7984126984127,3,0
"1007",84,11,0,9.83174603174603,1,0
"1008",84,12,0,10.831746031746,1,0
"1009",85,1,0,21.0349206349206,1,0
"1010",85,2,0,22.068253968254,1,0
"1011",85,3,0,23.0095238095238,1,0
"1012",85,4,1,24.0428571428571,1,1
"1013",85,5,0,22.9174603174603,1,0
"1014",85,6,3,23.9507936507936,2,6
"1015",85,7,0,20.652380952381,2,0
"1016",85,8,2,22.6683333333333,3,6
"1017",85,9,1,21.5111111111111,3,3
"1018",85,10,0,21.1095238095238,3,0
"1019",85,11,1,22.1428571428571,1,1
"1020",85,12,0,20.0015873015873,1,0
"1021",86,1,0,21.0349206349206,1,0
"1022",86,2,0,22.068253968254,1,0
"1023",86,3,0,23.0095238095238,1,0
"1024",86,4,1,24.0428571428571,1,1
"1025",86,5,0,22.9174603174603,1,0
"1026",86,6,3,23.9507936507936,2,6
"1027",86,7,0,20.652380952381,2,0
"1028",86,8,2,22.6683333333333,3,6
"1029",86,9,1,21.5111111111111,3,3
"1030",86,10,0,21.1095238095238,3,0
"1031",86,11,1,22.1428571428571,1,1
"1032",86,12,0,20.0015873015873,1,0
"1033",87,1,0,21.0349206349206,1,0
"1034",87,2,0,22.068253968254,1,0
"1035",87,3,0,23.0095238095238,1,0
"1036",87,4,1,24.0428571428571,1,1
"1037",87,5,0,22.9174603174603,1,0
"1038",87,6,3,23.9507936507936,2,6
"1039",87,7,0,20.652380952381,2,0
"1040",87,8,2,22.6683333333333,3,6
"1041",87,9,1,21.5111111111111,3,3
"1042",87,10,0,21.1095238095238,3,0
"1043",87,11,1,22.1428571428571,1,1
"1044",87,12,0,20.0015873015873,1,0
"1045",88,1,0,21.0349206349206,1,0
"1046",88,2,0,22.068253968254,1,0
"1047",88,3,0,23.0095238095238,1,0
"1048",88,4,1,24.0428571428571,1,1
"1049",88,5,0,22.9174603174603,1,0
"1050",88,6,3,23.9507936507936,2,6
"1051",88,7,0,20.652380952381,2,0
"1052",88,8,2,22.6683333333333,3,6
"1053",88,9,1,21.5111111111111,3,3
"1054",88,10,0,21.1095238095238,3,0
"1055",88,11,1,22.1428571428571,1,1
"1056",88,12,0,20.0015873015873,1,0
"1057",89,1,0,24.8634920634921,1,0
"1058",89,2,0,25.8968253968254,1,0
"1059",89,3,0,26.8380952380952,1,0
"1060",89,4,1,27.8714285714286,1,1
"1061",89,5,2,28.3396825396825,1,2
"1062",89,6,2,28.0714285714286,2,4
"1063",89,7,0,24.9634920634921,2,0
"1064",89,8,3,27.195,3,9
"1065",89,9,1,24.4206349206349,3,3
"1066",89,10,1,23.052380952381,3,3
"1067",89,11,0,22.8301587301587,1,0
"1068",89,12,0,23.8301587301587,1,0
"1069",90,1,0,27.7142857142857,1,0
"1070",90,2,0,28.747619047619,1,0
"1071",90,3,0,29.6888888888889,1,0
"1072",90,4,0,30.7222222222222,1,0
"1073",90,5,1,31.7222222222222,1,1
"1074",90,6,2,31.1619047619048,2,4
"1075",90,7,0,27.0904761904762,2,0
"1076",90,8,3,29.4283333333333,3,9
"1077",90,9,1,26.015873015873,3,3
"1078",90,10,0,24.647619047619,3,0
"1079",90,11,0,25.6809523809524,1,0
"1080",90,12,0,26.6809523809524,1,0
"1081",91,1,0,27.7142857142857,1,0
"1082",91,2,0,28.747619047619,1,0
"1083",91,3,0,29.6888888888889,1,0
"1084",91,4,0,30.7222222222222,1,0
"1085",91,5,1,31.7222222222222,1,1
"1086",91,6,2,31.1619047619048,2,4
"1087",91,7,0,27.0904761904762,2,0
"1088",91,8,3,29.4283333333333,3,9
"1089",91,9,1,26.015873015873,3,3
"1090",91,10,0,24.647619047619,3,0
"1091",91,11,0,25.6809523809524,1,0
"1092",91,12,0,26.6809523809524,1,0
"1093",92,1,0,27.7142857142857,1,0
"1094",92,2,0,28.747619047619,1,0
"1095",92,3,0,29.6888888888889,1,0
"1096",92,4,0,30.7222222222222,1,0
"1097",92,5,1,31.7222222222222,1,1
"1098",92,6,2,31.1619047619048,2,4
"1099",92,7,0,27.0904761904762,2,0
"1100",92,8,3,29.4283333333333,3,9
"1101",92,9,1,26.015873015873,3,3
"1102",92,10,0,24.647619047619,3,0
"1103",92,11,0,25.6809523809524,1,0
"1104",92,12,0,26.6809523809524,1,0
"1105",93,1,0,18.1466666666667,1,0
"1106",93,2,0,19.18,1,0
"1107",93,3,0,20.1216666666667,1,0
"1108",93,4,0,21.155,1,0
"1109",93,5,1,22.155,1,1
"1110",93,6,1,22.1766666666667,2,2
"1111",93,7,2,22.06,2,4
"1112",93,8,3,21.2701754385965,3,9
"1113",93,9,2,19.26,3,6
"1114",93,10,0,15.08,3,0
"1115",93,11,0,16.1133333333333,1,0
"1116",93,12,0,17.1133333333333,1,0
"1117",94,1,0,18.1466666666667,1,0
"1118",94,2,0,19.18,1,0
"1119",94,3,0,20.1216666666667,1,0
"1120",94,4,0,21.155,1,0
"1121",94,5,1,22.155,1,1
"1122",94,6,1,22.1766666666667,2,2
"1123",94,7,2,22.06,2,4
"1124",94,8,3,21.2701754385965,3,9
"1125",94,9,2,19.26,3,6
"1126",94,10,0,15.08,3,0
"1127",94,11,0,16.1133333333333,1,0
"1128",94,12,0,17.1133333333333,1,0
"1129",95,1,0,18.1466666666667,1,0
"1130",95,2,0,19.18,1,0
"1131",95,3,0,20.1216666666667,1,0
"1132",95,4,0,21.155,1,0
"1133",95,5,1,22.155,1,1
"1134",95,6,1,22.1766666666667,2,2
"1135",95,7,2,22.06,2,4
"1136",95,8,3,21.2701754385965,3,9
"1137",95,9,2,19.26,3,6
"1138",95,10,0,15.08,3,0
"1139",95,11,0,16.1133333333333,1,0
"1140",95,12,0,17.1133333333333,1,0
"1141",96,1,0,18.1466666666667,1,0
"1142",96,2,0,19.18,1,0
"1143",96,3,0,20.1216666666667,1,0
"1144",96,4,0,21.155,1,0
"1145",96,5,1,22.155,1,1
"1146",96,6,1,22.1766666666667,2,2
"1147",96,7,2,22.06,2,4
"1148",96,8,3,21.2701754385965,3,9
"1149",96,9,2,19.26,3,6
"1150",96,10,0,15.08,3,0
"1151",96,11,0,16.1133333333333,1,0
"1152",96,12,0,17.1133333333333,1,0
"1153",97,1,0,23.1222222222222,1,0
"1154",97,2,0,24.1555555555556,1,0
"1155",97,3,0,25.0968253968254,1,0
"1156",97,4,0,26.1301587301587,1,0
"1157",97,5,1,27.1301587301587,1,1
"1158",97,6,2,27.2,2,4
"1159",97,7,0,26.5571428571429,2,0
"1160",97,8,2,27.805,3,6
"1161",97,9,2,24.5190476190476,3,6
"1162",97,10,0,20.0555555555556,3,0
"1163",97,11,0,21.0888888888889,1,0
"1164",97,12,0,22.0888888888889,1,0
"1165",98,1,0,23.1222222222222,1,0
"1166",98,2,0,24.1555555555556,1,0
"1167",98,3,0,25.0968253968254,1,0
"1168",98,4,0,26.1301587301587,1,0
"1169",98,5,1,27.1301587301587,1,1
"1170",98,6,2,27.2,2,4
"1171",98,7,0,26.5571428571429,2,0
"1172",98,8,2,27.805,3,6
"1173",98,9,2,24.5190476190476,3,6
"1174",98,10,0,20.0555555555556,3,0
"1175",98,11,0,21.0888888888889,1,0
"1176",98,12,0,22.0888888888889,1,0
"1177",99,1,0,23.8412698412698,1,0
"1178",99,2,0,24.8746031746032,1,0
"1179",99,3,0,25.815873015873,1,0
"1180",99,4,0,26.8492063492063,1,0
"1181",99,5,1,27.8492063492063,1,1
"1182",99,6,2,27.9190476190476,2,4
"1183",99,7,0,27.2269841269841,2,0
"1184",99,8,2,28.5083333333333,3,6
"1185",99,9,2,25.1888888888889,3,6
"1186",99,10,0,20.7746031746032,3,0
"1187",99,11,0,21.8079365079365,1,0
"1188",99,12,0,22.8079365079365,1,0
"1189",100,1,0,23.8412698412698,1,0
"1190",100,2,0,24.8746031746032,1,0
"1191",100,3,0,25.815873015873,1,0
"1192",100,4,0,26.8492063492063,1,0
"1193",100,5,1,27.8492063492063,1,1
"1194",100,6,2,27.9190476190476,2,4
"1195",100,7,0,27.2269841269841,2,0
"1196",100,8,2,28.5083333333333,3,6
"1197",100,9,2,25.1888888888889,3,6
"1198",100,10,0,20.7746031746032,3,0
"1199",100,11,0,21.8079365079365,1,0
"1200",100,12,0,22.8079365079365,1,0
"1201",101,1,0,15.2809523809524,1,0
"1202",101,2,0,16.3142857142857,1,0
"1203",101,3,0,17.2555555555556,1,0
"1204",101,4,1,18.2888888888889,1,1
"1205",101,5,0,18.8063492063492,1,0
"1206",101,6,3,19.8396825396825,2,6
"1207",101,7,0,16.5412698412698,2,0
"1208",101,8,2,18.3516666666667,3,6
"1209",101,9,3,17.4,3,9
"1210",101,10,0,14.6301587301587,3,0
"1211",101,11,1,15.6634920634921,1,1
"1212",101,12,0,14.247619047619,1,0
"1213",102,1,0,15.2809523809524,1,0
"1214",102,2,0,16.3142857142857,1,0
"1215",102,3,0,17.2555555555556,1,0
"1216",102,4,1,18.2888888888889,1,1
"1217",102,5,0,18.8063492063492,1,0
"1218",102,6,3,19.8396825396825,2,6
"1219",102,7,0,16.5412698412698,2,0
"1220",102,8,2,18.3516666666667,3,6
"1221",102,9,3,17.4,3,9
"1222",102,10,0,14.6301587301587,3,0
"1223",102,11,1,15.6634920634921,1,1
"1224",102,12,0,14.247619047619,1,0
"1225",103,1,0,15.2809523809524,1,0
"1226",103,2,0,16.3142857142857,1,0
"1227",103,3,0,17.2555555555556,1,0
"1228",103,4,1,18.2888888888889,1,1
"1229",103,5,0,18.8063492063492,1,0
"1230",103,6,3,19.8396825396825,2,6
"1231",103,7,0,16.5412698412698,2,0
"1232",103,8,2,18.3516666666667,3,6
"1233",103,9,3,17.4,3,9
"1234",103,10,0,14.6301587301587,3,0
"1235",103,11,1,15.6634920634921,1,1
"1236",103,12,0,14.247619047619,1,0
"1237",104,1,0,15.2809523809524,1,0
"1238",104,2,0,16.3142857142857,1,0
"1239",104,3,0,17.2555555555556,1,0
"1240",104,4,1,18.2888888888889,1,1
"1241",104,5,0,18.8063492063492,1,0
"1242",104,6,3,19.8396825396825,2,6
"1243",104,7,0,16.5412698412698,2,0
"1244",104,8,2,18.3516666666667,3,6
"1245",104,9,3,17.4,3,9
"1246",104,10,0,14.6301587301587,3,0
"1247",104,11,1,15.6634920634921,1,1
"1248",104,12,0,14.247619047619,1,0
"1249",105,1,0,15.7730158730159,1,0
"1250",105,2,0,16.8063492063492,1,0
"1251",105,3,0,17.747619047619,1,0
"1252",105,4,0,18.7809523809524,1,0
"1253",105,5,1,19.7809523809524,1,1
"1254",105,6,3,18.6904761904762,2,6
"1255",105,7,0,15.1,2,0
"1256",105,8,3,16.23,3,9
"1257",105,9,3,14.2206349206349,3,9
"1258",105,10,0,12.7063492063492,3,0
"1259",105,11,0,13.7396825396825,1,0
"1260",105,12,0,14.7396825396825,1,0
"1261",106,1,0,15.7730158730159,1,0
"1262",106,2,0,16.8063492063492,1,0
"1263",106,3,0,17.747619047619,1,0
"1264",106,4,0,18.7809523809524,1,0
"1265",106,5,1,19.7809523809524,1,1
"1266",106,6,3,18.6904761904762,2,6
"1267",106,7,0,15.1,2,0
"1268",106,8,3,16.23,3,9
"1269",106,9,3,14.2206349206349,3,9
"1270",106,10,0,12.7063492063492,3,0
"1271",106,11,0,13.7396825396825,1,0
"1272",106,12,0,14.7396825396825,1,0
"1273",107,1,0,15.7730158730159,1,0
"1274",107,2,0,16.8063492063492,1,0
"1275",107,3,0,17.747619047619,1,0
"1276",107,4,0,18.7809523809524,1,0
"1277",107,5,1,19.7809523809524,1,1
"1278",107,6,3,18.6904761904762,2,6
"1279",107,7,0,15.1,2,0
"1280",107,8,3,16.23,3,9
"1281",107,9,3,14.2206349206349,3,9
"1282",107,10,0,12.7063492063492,3,0
"1283",107,11,0,13.7396825396825,1,0
"1284",107,12,0,14.7396825396825,1,0
"1285",108,1,0,15.7730158730159,1,0
"1286",108,2,0,16.8063492063492,1,0
"1287",108,3,0,17.747619047619,1,0
"1288",108,4,0,18.7809523809524,1,0
"1289",108,5,1,19.7809523809524,1,1
"1290",108,6,3,18.6904761904762,2,6
"1291",108,7,0,15.1,2,0
"1292",108,8,3,16.23,3,9
"1293",108,9,3,14.2206349206349,3,9
"1294",108,10,0,12.7063492063492,3,0
"1295",108,11,0,13.7396825396825,1,0
"1296",108,12,0,14.7396825396825,1,0
"1297",109,1,0,17.5111111111111,1,0
"1298",109,2,0,18.5444444444444,1,0
"1299",109,3,0,19.4857142857143,1,0
"1300",109,4,0,20.5190476190476,1,0
"1301",109,5,1,21.5190476190476,1,1
"1302",109,6,2,20.4285714285714,2,4
"1303",109,7,0,17.9968253968254,2,0
"1304",109,8,2,19.2716666666667,3,6
"1305",109,9,3,17.6968253968254,3,9
"1306",109,10,0,14.4444444444444,3,0
"1307",109,11,0,15.4777777777778,1,0
"1308",109,12,0,16.4777777777778,1,0
"1309",110,1,0,17.5111111111111,1,0
"1310",110,2,0,18.5444444444444,1,0
"1311",110,3,0,19.4857142857143,1,0
"1312",110,4,0,20.5190476190476,1,0
"1313",110,5,1,21.5190476190476,1,1
"1314",110,6,2,20.4285714285714,2,4
"1315",110,7,0,17.9968253968254,2,0
"1316",110,8,2,19.2716666666667,3,6
"1317",110,9,3,17.6968253968254,3,9
"1318",110,10,0,14.4444444444444,3,0
"1319",110,11,0,15.4777777777778,1,0
"1320",110,12,0,16.4777777777778,1,0
"1321",111,1,0,17.5111111111111,1,0
"1322",111,2,0,18.5444444444444,1,0
"1323",111,3,0,19.4857142857143,1,0
"1324",111,4,0,20.5190476190476,1,0
"1325",111,5,1,21.5190476190476,1,1
"1326",111,6,2,20.4285714285714,2,4
"1327",111,7,0,17.9968253968254,2,0
"1328",111,8,2,19.2716666666667,3,6
"1329",111,9,3,17.6968253968254,3,9
"1330",111,10,0,14.4444444444444,3,0
"1331",111,11,0,15.4777777777778,1,0
"1332",111,12,0,16.4777777777778,1,0
"1333",112,1,0,17.5111111111111,1,0
"1334",112,2,0,18.5444444444444,1,0
"1335",112,3,0,19.4857142857143,1,0
"1336",112,4,0,20.5190476190476,1,0
"1337",112,5,1,21.5190476190476,1,1
"1338",112,6,2,20.4285714285714,2,4
"1339",112,7,0,17.9968253968254,2,0
"1340",112,8,2,19.2716666666667,3,6
"1341",112,9,3,17.6968253968254,3,9
"1342",112,10,0,14.4444444444444,3,0
"1343",112,11,0,15.4777777777778,1,0
"1344",112,12,0,16.4777777777778,1,0
"1345",113,1,0,11.7650793650794,1,0
"1346",113,2,0,12.7984126984127,1,0
"1347",113,3,0,13.7396825396825,1,0
"1348",113,4,0,14.7730158730159,1,0
"1349",113,5,1,15.7730158730159,1,1
"1350",113,6,4,16.3238095238095,2,8
"1351",113,7,1,12.8793650793651,2,2
"1352",113,8,2,12.175,3,6
"1353",113,9,4,11.9507936507937,3,12
"1354",113,10,0,8.6984126984127,3,0
"1355",113,11,0,9.73174603174603,1,0
"1356",113,12,0,10.731746031746,1,0
"1357",114,1,0,13.2603174603175,1,0
"1358",114,2,0,14.2936507936508,1,0
"1359",114,3,0,15.2349206349206,1,0
"1360",114,4,0,16.268253968254,1,0
"1361",114,5,1,17.268253968254,1,1
"1362",114,6,3,16.1777777777778,2,6
"1363",114,7,0,14.3253968253968,2,0
"1364",114,8,3,15.4166666666667,3,9
"1365",114,9,4,13.4460317460317,3,12
"1366",114,10,0,10.1936507936508,3,0
"1367",114,11,0,11.2269841269841,1,0
"1368",114,12,0,12.2269841269841,1,0
"1369",115,1,0,11.7650793650794,1,0
"1370",115,2,0,12.7984126984127,1,0
"1371",115,3,0,13.7396825396825,1,0
"1372",115,4,0,14.7730158730159,1,0
"1373",115,5,1,15.7730158730159,1,1
"1374",115,6,4,16.3238095238095,2,8
"1375",115,7,1,12.8793650793651,2,2
"1376",115,8,2,12.175,3,6
"1377",115,9,4,11.9507936507937,3,12
"1378",115,10,0,8.6984126984127,3,0
"1379",115,11,0,9.73174603174603,1,0
"1380",115,12,0,10.731746031746,1,0
"1381",116,1,0,11.7650793650794,1,0
"1382",116,2,0,12.7984126984127,1,0
"1383",116,3,0,13.7396825396825,1,0
"1384",116,4,0,14.7730158730159,1,0
"1385",116,5,1,15.7730158730159,1,1
"1386",116,6,4,16.3238095238095,2,8
"1387",116,7,1,12.8793650793651,2,2
"1388",116,8,2,12.175,3,6
"1389",116,9,4,11.9507936507937,3,12
"1390",116,10,0,8.6984126984127,3,0
"1391",116,11,0,9.73174603174603,1,0
"1392",116,12,0,10.731746031746,1,0
"1393",117,1,0,14.9263157894737,1,0
"1394",117,2,0,15.959649122807,1,0
"1395",117,3,0,16.9017543859649,1,0
"1396",117,4,0,17.9350877192982,1,0
"1397",117,5,1,18.9350877192982,1,1
"1398",117,6,4,18.2614035087719,2,8
"1399",117,7,0,13.53,2,0
"1400",117,8,1,15.2228070175439,3,3
"1401",117,9,3,15.0280701754386,3,9
"1402",117,10,0,11.859649122807,3,0
"1403",117,11,0,12.8929824561404,1,0
"1404",117,12,0,13.8929824561404,1,0
"1405",118,1,0,14.9263157894737,1,0
"1406",118,2,0,15.959649122807,1,0
"1407",118,3,0,16.9017543859649,1,0
"1408",118,4,0,17.9350877192982,1,0
"1409",118,5,1,18.9350877192982,1,1
"1410",118,6,4,18.2614035087719,2,8
"1411",118,7,0,13.53,2,0
"1412",118,8,1,15.2228070175439,3,3
"1413",118,9,3,15.0280701754386,3,9
"1414",118,10,0,11.859649122807,3,0
"1415",118,11,0,12.8929824561404,1,0
"1416",118,12,0,13.8929824561404,1,0
"1417",119,1,0,14.9263157894737,1,0
"1418",119,2,0,15.959649122807,1,0
"1419",119,3,0,16.9017543859649,1,0
"1420",119,4,0,17.9350877192982,1,0
"1421",119,5,1,18.9350877192982,1,1
"1422",119,6,4,18.2614035087719,2,8
"1423",119,7,0,13.53,2,0
"1424",119,8,1,15.2228070175439,3,3
"1425",119,9,3,15.0280701754386,3,9
"1426",119,10,0,11.859649122807,3,0
"1427",119,11,0,12.8929824561404,1,0
"1428",119,12,0,13.8929824561404,1,0
"1429",120,1,0,14.9263157894737,1,0
"1430",120,2,0,15.959649122807,1,0
"1431",120,3,0,16.9017543859649,1,0
"1432",120,4,0,17.9350877192982,1,0
"1433",120,5,1,18.9350877192982,1,1
"1434",120,6,4,18.2614035087719,2,8
"1435",120,7,0,13.53,2,0
"1436",120,8,1,15.2228070175439,3,3
"1437",120,9,3,15.0280701754386,3,9
"1438",120,10,0,11.859649122807,3,0
"1439",120,11,0,12.8929824561404,1,0
"1440",120,12,0,13.8929824561404,1,0
"1441",121,1,1,21.6266666666667,1,1
"1442",121,2,0,20.5783333333333,1,0
"1443",121,3,0,21.52,1,0
"1444",121,4,0,22.5533333333333,1,0
"1445",121,5,0,23.5533333333333,1,0
"1446",121,6,1,24.5866666666667,2,2
"1447",121,7,0,24.5716666666667,2,0
"1448",121,8,1,23.0017543859649,3,3
"1449",121,9,2,22.885,3,6
"1450",121,10,2,21.5,3,6
"1451",121,11,0,19.5933333333333,1,0
"1452",121,12,0,20.5933333333333,1,0
"1453",122,1,1,21.6266666666667,1,1
"1454",122,2,0,20.5783333333333,1,0
"1455",122,3,0,21.52,1,0
"1456",122,4,0,22.5533333333333,1,0
"1457",122,5,0,23.5533333333333,1,0
"1458",122,6,1,24.5866666666667,2,2
"1459",122,7,0,24.5716666666667,2,0
"1460",122,8,1,23.0017543859649,3,3
"1461",122,9,2,22.885,3,6
"1462",122,10,2,21.5,3,6
"1463",122,11,0,19.5933333333333,1,0
"1464",122,12,0,20.5933333333333,1,0
"1465",123,1,1,21.6266666666667,1,1
"1466",123,2,0,20.5783333333333,1,0
"1467",123,3,0,21.52,1,0
"1468",123,4,0,22.5533333333333,1,0
"1469",123,5,0,23.5533333333333,1,0
"1470",123,6,1,24.5866666666667,2,2
"1471",123,7,0,24.5716666666667,2,0
"1472",123,8,1,23.0017543859649,3,3
"1473",123,9,2,22.885,3,6
"1474",123,10,2,21.5,3,6
"1475",123,11,0,19.5933333333333,1,0
"1476",123,12,0,20.5933333333333,1,0
"1477",124,1,1,21.6266666666667,1,1
"1478",124,2,0,20.5783333333333,1,0
"1479",124,3,0,21.52,1,0
"1480",124,4,0,22.5533333333333,1,0
"1481",124,5,0,23.5533333333333,1,0
"1482",124,6,1,24.5866666666667,2,2
"1483",124,7,0,24.5716666666667,2,0
"1484",124,8,1,23.0017543859649,3,3
"1485",124,9,2,22.885,3,6
"1486",124,10,2,21.5,3,6
"1487",124,11,0,19.5933333333333,1,0
"1488",124,12,0,20.5933333333333,1,0
"1489",125,1,1,22.0444444444444,1,1
"1490",125,2,0,21.7238095238095,1,0
"1491",125,3,0,22.6650793650794,1,0
"1492",125,4,0,23.6984126984127,1,0
"1493",125,5,0,24.6984126984127,1,0
"1494",125,6,1,25.731746031746,2,2
"1495",125,7,1,24.5587301587302,2,2
"1496",125,8,0,22.0666666666667,3,0
"1497",125,9,3,23.1,3,9
"1498",125,10,1,20.5714285714286,3,3
"1499",125,11,0,20.0111111111111,1,0
"1500",125,12,0,21.0111111111111,1,0
"1501",126,1,1,22.0444444444444,1,1
"1502",126,2,0,21.7238095238095,1,0
"1503",126,3,0,22.6650793650794,1,0
"1504",126,4,0,23.6984126984127,1,0
"1505",126,5,0,24.6984126984127,1,0
"1506",126,6,1,25.731746031746,2,2
"1507",126,7,1,24.5587301587302,2,2
"1508",126,8,0,22.0666666666667,3,0
"1509",126,9,3,23.1,3,9
"1510",126,10,1,20.5714285714286,3,3
"1511",126,11,0,20.0111111111111,1,0
"1512",126,12,0,21.0111111111111,1,0
"1513",127,1,1,22.0444444444444,1,1
"1514",127,2,0,21.7238095238095,1,0
"1515",127,3,0,22.6650793650794,1,0
"1516",127,4,0,23.6984126984127,1,0
"1517",127,5,0,24.6984126984127,1,0
"1518",127,6,1,25.731746031746,2,2
"1519",127,7,1,24.5587301587302,2,2
"1520",127,8,0,22.0666666666667,3,0
"1521",127,9,3,23.1,3,9
"1522",127,10,1,20.5714285714286,3,3
"1523",127,11,0,20.0111111111111,1,0
"1524",127,12,0,21.0111111111111,1,0
"1525",128,1,1,21.415873015873,1,1
"1526",128,2,0,21.0952380952381,1,0
"1527",128,3,0,22.0365079365079,1,0
"1528",128,4,0,23.0698412698413,1,0
"1529",128,5,0,24.0698412698413,1,0
"1530",128,6,1,25.1031746031746,2,2
"1531",128,7,1,23.9301587301587,2,2
"1532",128,8,1,21.4380952380952,3,3
"1533",128,9,3,21.8428571428571,3,9
"1534",128,10,1,19.9428571428571,3,3
"1535",128,11,0,19.3825396825397,1,0
"1536",128,12,0,20.3825396825397,1,0
"1537",129,1,1,22.0444444444444,1,1
"1538",129,2,0,21.7238095238095,1,0
"1539",129,3,0,22.6650793650794,1,0
"1540",129,4,0,23.6984126984127,1,0
"1541",129,5,0,24.6984126984127,1,0
"1542",129,6,1,25.731746031746,2,2
"1543",129,7,1,24.5587301587302,2,2
"1544",129,8,0,22.0666666666667,3,0
"1545",129,9,3,23.1,3,9
"1546",129,10,1,20.5714285714286,3,3
"1547",129,11,0,20.0111111111111,1,0
"1548",129,12,0,21.0111111111111,1,0
"1549",130,1,1,22.0444444444444,1,1
"1550",130,2,0,21.7238095238095,1,0
"1551",130,3,0,22.6650793650794,1,0
"1552",130,4,0,23.6984126984127,1,0
"1553",130,5,0,24.6984126984127,1,0
"1554",130,6,1,25.731746031746,2,2
"1555",130,7,1,24.5587301587302,2,2
"1556",130,8,0,22.0666666666667,3,0
"1557",130,9,3,23.1,3,9
"1558",130,10,1,20.5714285714286,3,3
"1559",130,11,0,20.0111111111111,1,0
"1560",130,12,0,21.0111111111111,1,0
"1561",131,1,1,22.0444444444444,1,1
"1562",131,2,0,21.7238095238095,1,0
"1563",131,3,0,22.6650793650794,1,0
"1564",131,4,0,23.6984126984127,1,0
"1565",131,5,0,24.6984126984127,1,0
"1566",131,6,1,25.731746031746,2,2
"1567",131,7,1,24.5587301587302,2,2
"1568",131,8,0,22.0666666666667,3,0
"1569",131,9,3,23.1,3,9
"1570",131,10,1,20.5714285714286,3,3
"1571",131,11,0,20.0111111111111,1,0
"1572",131,12,0,21.0111111111111,1,0
"1573",132,1,1,22.0444444444444,1,1
"1574",132,2,0,21.7238095238095,1,0
"1575",132,3,0,22.6650793650794,1,0
"1576",132,4,0,23.6984126984127,1,0
"1577",132,5,0,24.6984126984127,1,0
"1578",132,6,1,25.731746031746,2,2
"1579",132,7,1,24.5587301587302,2,2
"1580",132,8,0,22.0666666666667,3,0
"1581",132,9,3,23.1,3,9
"1582",132,10,1,20.5714285714286,3,3
"1583",132,11,0,20.0111111111111,1,0
"1584",132,12,0,21.0111111111111,1,0
"1585",133,1,1,20.4122807017544,1,1
"1586",133,2,0,19.9491228070175,1,0
"1587",133,3,0,20.8912280701754,1,0
"1588",133,4,0,21.9245614035088,1,0
"1589",133,5,0,22.9245614035088,1,0
"1590",133,6,1,23.9578947368421,2,2
"1591",133,7,0,23.8894736842105,2,0
"1592",133,8,0,22.137037037037,3,0
"1593",133,9,3,23.1703703703704,3,9
"1594",133,10,2,20.440350877193,3,6
"1595",133,11,0,18.3789473684211,1,0
"1596",133,12,0,19.3789473684211,1,0
"1597",134,1,1,20.4122807017544,1,1
"1598",134,2,0,19.9491228070175,1,0
"1599",134,3,0,20.8912280701754,1,0
"1600",134,4,0,21.9245614035088,1,0
"1601",134,5,0,22.9245614035088,1,0
"1602",134,6,1,23.9578947368421,2,2
"1603",134,7,0,23.8894736842105,2,0
"1604",134,8,0,22.137037037037,3,0
"1605",134,9,3,23.1703703703704,3,9
"1606",134,10,2,20.440350877193,3,6
"1607",134,11,0,18.3789473684211,1,0
"1608",134,12,0,19.3789473684211,1,0
"1609",135,1,1,20.4122807017544,1,1
"1610",135,2,0,19.9491228070175,1,0
"1611",135,3,0,20.8912280701754,1,0
"1612",135,4,0,21.9245614035088,1,0
"1613",135,5,0,22.9245614035088,1,0
"1614",135,6,1,23.9578947368421,2,2
"1615",135,7,0,23.8894736842105,2,0
"1616",135,8,0,22.137037037037,3,0
"1617",135,9,3,23.1703703703704,3,9
"1618",135,10,2,20.440350877193,3,6
"1619",135,11,0,18.3789473684211,1,0
"1620",135,12,0,19.3789473684211,1,0
"1621",136,1,1,20.4122807017544,1,1
"1622",136,2,0,19.9491228070175,1,0
"1623",136,3,0,20.8912280701754,1,0
"1624",136,4,0,21.9245614035088,1,0
"1625",136,5,0,22.9245614035088,1,0
"1626",136,6,1,23.9578947368421,2,2
"1627",136,7,0,23.8894736842105,2,0
"1628",136,8,0,22.137037037037,3,0
"1629",136,9,3,23.1703703703704,3,9
"1630",136,10,2,20.440350877193,3,6
"1631",136,11,0,18.3789473684211,1,0
"1632",136,12,0,19.3789473684211,1,0
"1633",137,1,0,18.5,1,0
"1634",137,2,0,19.5333333333333,1,0
"1635",137,3,0,20.4754385964912,1,0
"1636",137,4,0,21.5087719298246,1,0
"1637",137,5,1,22.5087719298246,1,1
"1638",137,6,1,22.3157894736842,2,2
"1639",137,7,0,22.2473684210526,2,0
"1640",137,8,0,21.6981481481481,3,0
"1641",137,9,3,22.7314814814815,3,9
"1642",137,10,2,20.0245614035088,3,6
"1643",137,11,0,16.4666666666667,1,0
"1644",137,12,0,17.4666666666667,1,0
"1645",138,1,0,18.5,1,0
"1646",138,2,0,19.5333333333333,1,0
"1647",138,3,0,20.4754385964912,1,0
"1648",138,4,0,21.5087719298246,1,0
"1649",138,5,1,22.5087719298246,1,1
"1650",138,6,1,22.3157894736842,2,2
"1651",138,7,0,22.2473684210526,2,0
"1652",138,8,0,21.6981481481481,3,0
"1653",138,9,3,22.7314814814815,3,9
"1654",138,10,2,20.0245614035088,3,6
"1655",138,11,0,16.4666666666667,1,0
"1656",138,12,0,17.4666666666667,1,0
"1657",139,1,0,23.4052631578947,1,0
"1658",139,2,0,24.4385964912281,1,0
"1659",139,3,0,25.380701754386,1,0
"1660",139,4,0,26.4140350877193,1,0
"1661",139,5,0,27.4140350877193,1,0
"1662",139,6,1,28.4473684210526,2,2
"1663",139,7,0,28.378947368421,2,0
"1664",139,8,0,26.8759259259259,3,0
"1665",139,9,3,27.9092592592593,3,9
"1666",139,10,2,24.9298245614035,3,6
"1667",139,11,0,21.3719298245614,1,0
"1668",139,12,0,22.3719298245614,1,0
"1669",140,1,0,18.5,1,0
"1670",140,2,0,19.5333333333333,1,0
"1671",140,3,0,20.4754385964912,1,0
"1672",140,4,0,21.5087719298246,1,0
"1673",140,5,1,22.5087719298246,1,1
"1674",140,6,1,22.3157894736842,2,2
"1675",140,7,0,22.2473684210526,2,0
"1676",140,8,0,21.6981481481481,3,0
"1677",140,9,3,22.7314814814815,3,9
"1678",140,10,2,20.0245614035088,3,6
"1679",140,11,0,16.4666666666667,1,0
"1680",140,12,0,17.4666666666667,1,0
"1681",141,1,0,13.5333333333333,1,0
"1682",141,2,0,14.5666666666667,1,0
"1683",141,3,0,15.5087719298246,1,0
"1684",141,4,0,16.5421052631579,1,0
"1685",141,5,2,17.5421052631579,1,2
"1686",141,6,2,16.0666666666667,2,4
"1687",141,7,0,13.5964912280702,2,0
"1688",141,8,0,13.9203703703704,3,0
"1689",141,9,3,14.9537037037037,3,9
"1690",141,10,2,12.6561403508772,3,6
"1691",141,11,0,11.5,1,0
"1692",141,12,0,12.5,1,0
"1693",142,1,0,15.9859649122807,1,0
"1694",142,2,0,17.019298245614,1,0
"1695",142,3,0,17.9614035087719,1,0
"1696",142,4,0,18.9947368421053,1,0
"1697",142,5,1,19.9947368421053,1,1
"1698",142,6,2,18.519298245614,2,4
"1699",142,7,0,16.0491228070175,2,0
"1700",142,8,0,16.5092592592593,3,0
"1701",142,9,3,17.5425925925926,3,9
"1702",142,10,2,15.1087719298246,3,6
"1703",142,11,0,13.9526315789474,1,0
"1704",142,12,0,14.9526315789474,1,0
"1705",143,1,0,13.5333333333333,1,0
"1706",143,2,0,14.5666666666667,1,0
"1707",143,3,0,15.5087719298246,1,0
"1708",143,4,0,16.5421052631579,1,0
"1709",143,5,2,17.5421052631579,1,2
"1710",143,6,2,16.0666666666667,2,4
"1711",143,7,0,13.5964912280702,2,0
"1712",143,8,0,13.9203703703704,3,0
"1713",143,9,3,14.9537037037037,3,9
"1714",143,10,2,12.6561403508772,3,6
"1715",143,11,0,11.5,1,0
"1716",143,12,0,12.5,1,0
"1717",144,1,0,13.5333333333333,1,0
"1718",144,2,0,14.5666666666667,1,0
"1719",144,3,0,15.5087719298246,1,0
"1720",144,4,0,16.5421052631579,1,0
"1721",144,5,2,17.5421052631579,1,2
"1722",144,6,2,16.0666666666667,2,4
"1723",144,7,0,13.5964912280702,2,0
"1724",144,8,0,13.9203703703704,3,0
"1725",144,9,3,14.9537037037037,3,9
"1726",144,10,2,12.6561403508772,3,6
"1727",144,11,0,11.5,1,0
"1728",144,12,0,12.5,1,0
"1729",145,1,0,14.0537037037037,1,0
"1730",145,2,0,15.087037037037,1,0
"1731",145,3,0,16.0277777777778,1,0
"1732",145,4,0,17.0611111111111,1,0
"1733",145,5,0,18.0611111111111,1,0
"1734",145,6,1,19.0944444444444,2,2
"1735",145,7,1,18.9666666666667,2,2
"1736",145,8,1,19.1470588235294,3,3
"1737",145,9,2,19.1166666666667,3,6
"1738",145,10,3,17.4666666666667,3,9
"1739",145,11,0,12.0203703703704,1,0
"1740",145,12,0,13.0203703703704,1,0
"1741",146,1,0,14.0537037037037,1,0
"1742",146,2,0,15.087037037037,1,0
"1743",146,3,0,16.0277777777778,1,0
"1744",146,4,0,17.0611111111111,1,0
"1745",146,5,0,18.0611111111111,1,0
"1746",146,6,1,19.0944444444444,2,2
"1747",146,7,1,18.9666666666667,2,2
"1748",146,8,1,19.1470588235294,3,3
"1749",146,9,2,19.1166666666667,3,6
"1750",146,10,3,17.4666666666667,3,9
"1751",146,11,0,12.0203703703704,1,0
"1752",146,12,0,13.0203703703704,1,0
"1753",147,1,0,14.0537037037037,1,0
"1754",147,2,0,15.087037037037,1,0
"1755",147,3,0,16.0277777777778,1,0
"1756",147,4,0,17.0611111111111,1,0
"1757",147,5,0,18.0611111111111,1,0
"1758",147,6,1,19.0944444444444,2,2
"1759",147,7,1,18.9666666666667,2,2
"1760",147,8,1,19.1470588235294,3,3
"1761",147,9,2,19.1166666666667,3,6
"1762",147,10,3,17.4666666666667,3,9
"1763",147,11,0,12.0203703703704,1,0
"1764",147,12,0,13.0203703703704,1,0
"1765",148,1,0,14.0537037037037,1,0
"1766",148,2,0,15.087037037037,1,0
"1767",148,3,0,16.0277777777778,1,0
"1768",148,4,0,17.0611111111111,1,0
"1769",148,5,0,18.0611111111111,1,0
"1770",148,6,1,19.0944444444444,2,2
"1771",148,7,1,18.9666666666667,2,2
"1772",148,8,1,19.1470588235294,3,3
"1773",148,9,2,19.1166666666667,3,6
"1774",148,10,3,17.4666666666667,3,9
"1775",148,11,0,12.0203703703704,1,0
"1776",148,12,0,13.0203703703704,1,0
"1777",149,1,0,22.6516666666667,1,0
"1778",149,2,0,23.685,1,0
"1779",149,3,0,24.6266666666667,1,0
"1780",149,4,0,25.66,1,0
"1781",149,5,0,26.66,1,0
"1782",149,6,0,27.6933333333333,2,0
"1783",149,7,2,28.6933333333333,2,4
"1784",149,8,2,24.35,3,6
"1785",149,9,3,21.7816666666667,3,9
"1786",149,10,0,19.585,3,0
"1787",149,11,0,20.6183333333333,1,0
"1788",149,12,0,21.6183333333333,1,0
"1789",150,1,0,27.625,1,0
"1790",150,2,0,28.6583333333333,1,0
"1791",150,3,0,29.6,1,0
"1792",150,4,0,30.6333333333333,1,0
"1793",150,5,0,31.6333333333333,1,0
"1794",150,6,0,32.6666666666667,2,0
"1795",150,7,1,33.6666666666667,2,2
"1796",150,8,3,32.9766666666667,3,9
"1797",150,9,3,30.4083333333333,3,9
"1798",150,10,0,24.5583333333333,3,0
"1799",150,11,0,25.5916666666667,1,0
"1800",150,12,0,26.5916666666667,1,0
"1801",151,1,0,22.6516666666667,1,0
"1802",151,2,0,23.685,1,0
"1803",151,3,0,24.6266666666667,1,0
"1804",151,4,0,25.66,1,0
"1805",151,5,0,26.66,1,0
"1806",151,6,0,27.6933333333333,2,0
"1807",151,7,2,28.6933333333333,2,4
"1808",151,8,2,24.35,3,6
"1809",151,9,3,21.7816666666667,3,9
"1810",151,10,0,19.585,3,0
"1811",151,11,0,20.6183333333333,1,0
"1812",151,12,0,21.6183333333333,1,0
"1813",152,1,0,22.6516666666667,1,0
"1814",152,2,0,23.685,1,0
"1815",152,3,0,24.6266666666667,1,0
"1816",152,4,0,25.66,1,0
"1817",152,5,0,26.66,1,0
"1818",152,6,0,27.6933333333333,2,0
"1819",152,7,2,28.6933333333333,2,4
"1820",152,8,2,24.35,3,6
"1821",152,9,3,21.7816666666667,3,9
"1822",152,10,0,19.585,3,0
"1823",152,11,0,20.6183333333333,1,0
"1824",152,12,0,21.6183333333333,1,0
"1825",153,1,0,13.5738095238095,1,0
"1826",153,2,0,14.6071428571429,1,0
"1827",153,3,0,15.547619047619,1,0
"1828",153,4,0,16.5809523809524,1,0
"1829",153,5,0,17.5809523809524,1,0
"1830",153,6,0,18.6142857142857,2,0
"1831",153,7,1,19.6142857142857,2,2
"1832",153,8,3,18.1857142857143,3,9
"1833",153,9,2,14.0738095238095,3,6
"1834",153,10,0,10.5071428571429,3,0
"1835",153,11,0,11.5404761904762,1,0
"1836",153,12,0,12.5404761904762,1,0
"1837",154,1,0,13.5738095238095,1,0
"1838",154,2,0,14.6071428571429,1,0
"1839",154,3,0,15.547619047619,1,0
"1840",154,4,0,16.5809523809524,1,0
"1841",154,5,0,17.5809523809524,1,0
"1842",154,6,0,18.6142857142857,2,0
"1843",154,7,1,19.6142857142857,2,2
"1844",154,8,3,18.1857142857143,3,9
"1845",154,9,2,14.0738095238095,3,6
"1846",154,10,0,10.5071428571429,3,0
"1847",154,11,0,11.5404761904762,1,0
"1848",154,12,0,12.5404761904762,1,0
"1849",155,1,0,13.5738095238095,1,0
"1850",155,2,0,14.6071428571429,1,0
"1851",155,3,0,15.547619047619,1,0
"1852",155,4,0,16.5809523809524,1,0
"1853",155,5,0,17.5809523809524,1,0
"1854",155,6,0,18.6142857142857,2,0
"1855",155,7,1,19.6142857142857,2,2
"1856",155,8,3,18.1857142857143,3,9
"1857",155,9,2,14.0738095238095,3,6
"1858",155,10,0,10.5071428571429,3,0
"1859",155,11,0,11.5404761904762,1,0
"1860",155,12,0,12.5404761904762,1,0
"1861",156,1,0,13.5738095238095,1,0
"1862",156,2,0,14.6071428571429,1,0
"1863",156,3,0,15.547619047619,1,0
"1864",156,4,0,16.5809523809524,1,0
"1865",156,5,0,17.5809523809524,1,0
"1866",156,6,0,18.6142857142857,2,0
"1867",156,7,1,19.6142857142857,2,2
"1868",156,8,3,18.1857142857143,3,9
"1869",156,9,2,14.0738095238095,3,6
"1870",156,10,0,10.5071428571429,3,0
"1871",156,11,0,11.5404761904762,1,0
"1872",156,12,0,12.5404761904762,1,0
"1873",157,1,0,20.5490196078431,1,0
"1874",157,2,0,21.5823529411765,1,0
"1875",157,3,0,22.5235294117647,1,0
"1876",157,4,0,23.556862745098,1,0
"1877",157,5,0,24.556862745098,1,0
"1878",157,6,0,25.5901960784314,2,0
"1879",157,7,0,26.5901960784314,2,0
"1880",157,8,2,27.13125,3,6
"1881",157,9,2,23.6625,3,6
"1882",157,10,1,18.575,3,3
"1883",157,11,0,18.5156862745098,1,0
"1884",157,12,0,19.5156862745098,1,0
"1885",158,1,0,20.5490196078431,1,0
"1886",158,2,0,21.5823529411765,1,0
"1887",158,3,0,22.5235294117647,1,0
"1888",158,4,0,23.556862745098,1,0
"1889",158,5,0,24.556862745098,1,0
"1890",158,6,0,25.5901960784314,2,0
"1891",158,7,0,26.5901960784314,2,0
"1892",158,8,2,27.13125,3,6
"1893",158,9,2,23.6625,3,6
"1894",158,10,1,18.575,3,3
"1895",158,11,0,18.5156862745098,1,0
"1896",158,12,0,19.5156862745098,1,0
"1897",159,1,0,17.8039215686275,1,0
"1898",159,2,0,18.8372549019608,1,0
"1899",159,3,0,19.778431372549,1,0
"1900",159,4,0,20.8117647058824,1,0
"1901",159,5,0,21.8117647058824,1,0
"1902",159,6,0,22.8450980392157,2,0
"1903",159,7,0,23.8450980392157,2,0
"1904",159,8,3,24.2145833333333,3,9
"1905",159,9,2,20.7458333333333,3,6
"1906",159,10,1,15.6583333333333,3,3
"1907",159,11,0,15.7705882352941,1,0
"1908",159,12,0,16.7705882352941,1,0
"1909",160,1,0,17.8039215686275,1,0
"1910",160,2,0,18.8372549019608,1,0
"1911",160,3,0,19.778431372549,1,0
"1912",160,4,0,20.8117647058824,1,0
"1913",160,5,0,21.8117647058824,1,0
"1914",160,6,0,22.8450980392157,2,0
"1915",160,7,0,23.8450980392157,2,0
"1916",160,8,3,24.2145833333333,3,9
"1917",160,9,2,20.7458333333333,3,6
"1918",160,10,1,15.6583333333333,3,3
"1919",160,11,0,15.7705882352941,1,0
"1920",160,12,0,16.7705882352941,1,0
"1921",161,1,0,20.3183333333333,1,0
"1922",161,2,0,21.3516666666667,1,0
"1923",161,3,0,22.2933333333333,1,0
"1924",161,4,0,23.3266666666667,1,0
"1925",161,5,1,24.3266666666667,1,1
"1926",161,6,2,24.3466666666667,2,4
"1927",161,7,1,22.505,2,2
"1928",161,8,2,18.8508771929825,3,6
"1929",161,9,1,17.5716666666667,3,3
"1930",161,10,0,17.2516666666667,3,0
"1931",161,11,0,18.285,1,0
"1932",161,12,0,19.285,1,0
"1933",162,1,0,20.3183333333333,1,0
"1934",162,2,0,21.3516666666667,1,0
"1935",162,3,0,22.2933333333333,1,0
"1936",162,4,0,23.3266666666667,1,0
"1937",162,5,1,24.3266666666667,1,1
"1938",162,6,2,24.3466666666667,2,4
"1939",162,7,1,22.505,2,2
"1940",162,8,2,18.8508771929825,3,6
"1941",162,9,1,17.5716666666667,3,3
"1942",162,10,0,17.2516666666667,3,0
"1943",162,11,0,18.285,1,0
"1944",162,12,0,19.285,1,0
"1945",163,1,0,24.785,1,0
"1946",163,2,0,25.8183333333333,1,0
"1947",163,3,0,26.76,1,0
"1948",163,4,0,27.7933333333333,1,0
"1949",163,5,1,28.7933333333333,1,1
"1950",163,6,2,28.8133333333333,2,4
"1951",163,7,1,24.5366666666667,2,2
"1952",163,8,2,23.5526315789474,3,6
"1953",163,9,1,22.0383333333333,3,3
"1954",163,10,0,21.7183333333333,3,0
"1955",163,11,0,22.7516666666667,1,0
"1956",163,12,0,23.7516666666667,1,0
"1957",164,1,0,24.785,1,0
"1958",164,2,0,25.8183333333333,1,0
"1959",164,3,0,26.76,1,0
"1960",164,4,0,27.7933333333333,1,0
"1961",164,5,1,28.7933333333333,1,1
"1962",164,6,2,28.8133333333333,2,4
"1963",164,7,1,24.5366666666667,2,2
"1964",164,8,2,23.5526315789474,3,6
"1965",164,9,1,22.0383333333333,3,3
"1966",164,10,0,21.7183333333333,3,0
"1967",164,11,0,22.7516666666667,1,0
"1968",164,12,0,23.7516666666667,1,0
"1969",165,1,0,15.6809523809524,1,0
"1970",165,2,0,16.7142857142857,1,0
"1971",165,3,0,17.6547619047619,1,0
"1972",165,4,0,18.6880952380952,1,0
"1973",165,5,0,19.6880952380952,1,0
"1974",165,6,2,20.7214285714286,2,4
"1975",165,7,1,17.9711111111111,2,2
"1976",165,8,2,18.552380952381,3,6
"1977",165,9,2,15.3857142857143,3,6
"1978",165,10,0,12.6142857142857,3,0
"1979",165,11,0,13.647619047619,1,0
"1980",165,12,0,14.647619047619,1,0
"1981",166,1,0,15.6809523809524,1,0
"1982",166,2,0,16.7142857142857,1,0
"1983",166,3,0,17.6547619047619,1,0
"1984",166,4,0,18.6880952380952,1,0
"1985",166,5,0,19.6880952380952,1,0
"1986",166,6,2,20.7214285714286,2,4
"1987",166,7,1,17.9711111111111,2,2
"1988",166,8,2,18.552380952381,3,6
"1989",166,9,2,15.3857142857143,3,6
"1990",166,10,0,12.6142857142857,3,0
"1991",166,11,0,13.647619047619,1,0
"1992",166,12,0,14.647619047619,1,0
"1993",167,1,0,15.6809523809524,1,0
"1994",167,2,0,16.7142857142857,1,0
"1995",167,3,0,17.6547619047619,1,0
"1996",167,4,0,18.6880952380952,1,0
"1997",167,5,0,19.6880952380952,1,0
"1998",167,6,2,20.7214285714286,2,4
"1999",167,7,1,17.9711111111111,2,2
"2000",167,8,2,18.552380952381,3,6
"2001",167,9,2,15.3857142857143,3,6
"2002",167,10,0,12.6142857142857,3,0
"2003",167,11,0,13.647619047619,1,0
"2004",167,12,0,14.647619047619,1,0
"2005",168,1,0,15.6809523809524,1,0
"2006",168,2,0,16.7142857142857,1,0
"2007",168,3,0,17.6547619047619,1,0
"2008",168,4,0,18.6880952380952,1,0
"2009",168,5,0,19.6880952380952,1,0
"2010",168,6,2,20.7214285714286,2,4
"2011",168,7,1,17.9711111111111,2,2
"2012",168,8,2,18.552380952381,3,6
"2013",168,9,2,15.3857142857143,3,6
"2014",168,10,0,12.6142857142857,3,0
"2015",168,11,0,13.647619047619,1,0
"2016",168,12,0,14.647619047619,1,0
"2017",169,1,0,19.1,1,0
"2018",169,2,0,20.1333333333333,1,0
"2019",169,3,0,21.075,1,0
"2020",169,4,0,22.1083333333333,1,0
"2021",169,5,1,23.1083333333333,1,1
"2022",169,6,2,23.1283333333333,2,4
"2023",169,7,0,20.78,2,0
"2024",169,8,2,19.6508771929825,3,6
"2025",169,9,1,18.3316666666667,3,3
"2026",169,10,1,17.9616666666667,3,3
"2027",169,11,0,17.0666666666667,1,0
"2028",169,12,0,18.0666666666667,1,0
"2029",170,1,0,19.1,1,0
"2030",170,2,0,20.1333333333333,1,0
"2031",170,3,0,21.075,1,0
"2032",170,4,0,22.1083333333333,1,0
"2033",170,5,1,23.1083333333333,1,1
"2034",170,6,2,23.1283333333333,2,4
"2035",170,7,0,20.78,2,0
"2036",170,8,2,19.6508771929825,3,6
"2037",170,9,1,18.3316666666667,3,3
"2038",170,10,1,17.9616666666667,3,3
"2039",170,11,0,17.0666666666667,1,0
"2040",170,12,0,18.0666666666667,1,0
"2041",171,1,0,19.1,1,0
"2042",171,2,0,20.1333333333333,1,0
"2043",171,3,0,21.075,1,0
"2044",171,4,0,22.1083333333333,1,0
"2045",171,5,1,23.1083333333333,1,1
"2046",171,6,2,23.1283333333333,2,4
"2047",171,7,0,20.78,2,0
"2048",171,8,2,19.6508771929825,3,6
"2049",171,9,1,18.3316666666667,3,3
"2050",171,10,1,17.9616666666667,3,3
"2051",171,11,0,17.0666666666667,1,0
"2052",171,12,0,18.0666666666667,1,0
"2053",172,1,0,19.1,1,0
"2054",172,2,0,20.1333333333333,1,0
"2055",172,3,0,21.075,1,0
"2056",172,4,0,22.1083333333333,1,0
"2057",172,5,1,23.1083333333333,1,1
"2058",172,6,2,23.1283333333333,2,4
"2059",172,7,0,20.78,2,0
"2060",172,8,2,19.6508771929825,3,6
"2061",172,9,1,18.3316666666667,3,3
"2062",172,10,1,17.9616666666667,3,3
"2063",172,11,0,17.0666666666667,1,0
"2064",172,12,0,18.0666666666667,1,0
"2065",173,1,0,16.3650793650794,1,0
"2066",173,2,0,17.3984126984127,1,0
"2067",173,3,0,18.3396825396825,1,0
"2068",173,4,0,19.3730158730159,1,0
"2069",173,5,2,20.3730158730159,1,2
"2070",173,6,2,18.0253968253968,2,4
"2071",173,7,0,16.9984126984127,2,0
"2072",173,8,1,18.1716666666667,3,3
"2073",173,9,3,18.3396825396825,3,9
"2074",173,10,1,14.5063492063492,3,3
"2075",173,11,0,14.331746031746,1,0
"2076",173,12,0,15.331746031746,1,0
"2077",174,1,0,16.9365079365079,1,0
"2078",174,2,0,17.9698412698413,1,0
"2079",174,3,0,18.9111111111111,1,0
"2080",174,4,0,19.9444444444444,1,0
"2081",174,5,1,20.9444444444444,1,1
"2082",174,6,1,21.0142857142857,2,2
"2083",174,7,1,20.952380952381,2,2
"2084",174,8,1,18.875,3,3
"2085",174,9,2,19.0095238095238,3,6
"2086",174,10,2,17.1587301587302,3,6
"2087",174,11,0,14.9031746031746,1,0
"2088",174,12,0,15.9031746031746,1,0
"2089",175,1,0,16.9365079365079,1,0
"2090",175,2,0,17.9698412698413,1,0
"2091",175,3,0,18.9111111111111,1,0
"2092",175,4,0,19.9444444444444,1,0
"2093",175,5,1,20.9444444444444,1,1
"2094",175,6,1,21.0142857142857,2,2
"2095",175,7,1,20.952380952381,2,2
"2096",175,8,1,18.875,3,3
"2097",175,9,2,19.0095238095238,3,6
"2098",175,10,2,17.1587301587302,3,6
"2099",175,11,0,14.9031746031746,1,0
"2100",175,12,0,15.9031746031746,1,0
"2101",176,1,0,16.9365079365079,1,0
"2102",176,2,0,17.9698412698413,1,0
"2103",176,3,0,18.9111111111111,1,0
"2104",176,4,0,19.9444444444444,1,0
"2105",176,5,1,20.9444444444444,1,1
"2106",176,6,1,21.0142857142857,2,2
"2107",176,7,1,20.952380952381,2,2
"2108",176,8,1,18.875,3,3
"2109",176,9,2,19.0095238095238,3,6
"2110",176,10,2,17.1587301587302,3,6
"2111",176,11,0,14.9031746031746,1,0
"2112",176,12,0,15.9031746031746,1,0
"2113",177,1,0,16.3650793650794,1,0
"2114",177,2,0,17.3984126984127,1,0
"2115",177,3,0,18.3396825396825,1,0
"2116",177,4,0,19.3730158730159,1,0
"2117",177,5,2,20.3730158730159,1,2
"2118",177,6,2,18.0253968253968,2,4
"2119",177,7,0,16.9984126984127,2,0
"2120",177,8,1,18.1716666666667,3,3
"2121",177,9,3,18.3396825396825,3,9
"2122",177,10,1,14.5063492063492,3,3
"2123",177,11,0,14.331746031746,1,0
"2124",177,12,0,15.331746031746,1,0
"2125",178,1,0,16.3650793650794,1,0
"2126",178,2,0,17.3984126984127,1,0
"2127",178,3,0,18.3396825396825,1,0
"2128",178,4,0,19.3730158730159,1,0
"2129",178,5,2,20.3730158730159,1,2
"2130",178,6,2,18.0253968253968,2,4
"2131",178,7,0,16.9984126984127,2,0
"2132",178,8,1,18.1716666666667,3,3
"2133",178,9,3,18.3396825396825,3,9
"2134",178,10,1,14.5063492063492,3,3
"2135",178,11,0,14.331746031746,1,0
"2136",178,12,0,15.331746031746,1,0
"2137",179,1,0,16.3650793650794,1,0
"2138",179,2,0,17.3984126984127,1,0
"2139",179,3,0,18.3396825396825,1,0
"2140",179,4,0,19.3730158730159,1,0
"2141",179,5,2,20.3730158730159,1,2
"2142",179,6,2,18.0253968253968,2,4
"2143",179,7,0,16.9984126984127,2,0
"2144",179,8,1,18.1716666666667,3,3
"2145",179,9,3,18.3396825396825,3,9
"2146",179,10,1,14.5063492063492,3,3
"2147",179,11,0,14.331746031746,1,0
"2148",179,12,0,15.331746031746,1,0
"2149",180,1,0,16.9365079365079,1,0
"2150",180,2,0,17.9698412698413,1,0
"2151",180,3,0,18.9111111111111,1,0
"2152",180,4,0,19.9444444444444,1,0
"2153",180,5,1,20.9444444444444,1,1
"2154",180,6,1,21.0142857142857,2,2
"2155",180,7,1,20.952380952381,2,2
"2156",180,8,1,18.875,3,3
"2157",180,9,2,19.0095238095238,3,6
"2158",180,10,2,17.1587301587302,3,6
"2159",180,11,0,14.9031746031746,1,0
"2160",180,12,0,15.9031746031746,1,0
"2161",181,1,0,16.9365079365079,1,0
"2162",181,2,0,17.9698412698413,1,0
"2163",181,3,0,18.9111111111111,1,0
"2164",181,4,0,19.9444444444444,1,0
"2165",181,5,1,20.9444444444444,1,1
"2166",181,6,1,21.0142857142857,2,2
"2167",181,7,1,20.952380952381,2,2
"2168",181,8,1,18.875,3,3
"2169",181,9,2,19.0095238095238,3,6
"2170",181,10,2,17.1587301587302,3,6
"2171",181,11,0,14.9031746031746,1,0
"2172",181,12,0,15.9031746031746,1,0
"2173",182,1,0,16.9365079365079,1,0
"2174",182,2,0,17.9698412698413,1,0
"2175",182,3,0,18.9111111111111,1,0
"2176",182,4,0,19.9444444444444,1,0
"2177",182,5,1,20.9444444444444,1,1
"2178",182,6,1,21.0142857142857,2,2
"2179",182,7,1,20.952380952381,2,2
"2180",182,8,1,18.875,3,3
"2181",182,9,2,19.0095238095238,3,6
"2182",182,10,2,17.1587301587302,3,6
"2183",182,11,0,14.9031746031746,1,0
"2184",182,12,0,15.9031746031746,1,0
"2185",183,1,0,16.9365079365079,1,0
"2186",183,2,0,17.9698412698413,1,0
"2187",183,3,0,18.9111111111111,1,0
"2188",183,4,0,19.9444444444444,1,0
"2189",183,5,1,20.9444444444444,1,1
"2190",183,6,1,21.0142857142857,2,2
"2191",183,7,1,20.952380952381,2,2
"2192",183,8,1,18.875,3,3
"2193",183,9,2,19.0095238095238,3,6
"2194",183,10,2,17.1587301587302,3,6
"2195",183,11,0,14.9031746031746,1,0
"2196",183,12,0,15.9031746031746,1,0
"2197",184,1,0,16.9365079365079,1,0
"2198",184,2,0,17.9698412698413,1,0
"2199",184,3,0,18.9111111111111,1,0
"2200",184,4,0,19.9444444444444,1,0
"2201",184,5,1,20.9444444444444,1,1
"2202",184,6,1,21.0142857142857,2,2
"2203",184,7,1,20.952380952381,2,2
"2204",184,8,1,18.875,3,3
"2205",184,9,2,19.0095238095238,3,6
"2206",184,10,2,17.1587301587302,3,6
"2207",184,11,0,14.9031746031746,1,0
"2208",184,12,0,15.9031746031746,1,0
"2209",185,1,0,22.2031746031746,1,0
"2210",185,2,0,23.2365079365079,1,0
"2211",185,3,0,24.1777777777778,1,0
"2212",185,4,0,25.2111111111111,1,0
"2213",185,5,1,26.2111111111111,1,1
"2214",185,6,1,26.2809523809524,2,2
"2215",185,7,1,26.2190476190476,2,2
"2216",185,8,1,24.405,3,3
"2217",185,9,3,24.2761904761905,3,9
"2218",185,10,1,20.3444444444444,3,3
"2219",185,11,0,20.1698412698413,1,0
"2220",185,12,0,21.1698412698413,1,0
"2221",186,1,0,22.5936507936508,1,0
"2222",186,2,0,23.6269841269841,1,0
"2223",186,3,0,24.568253968254,1,0
"2224",186,4,0,25.6015873015873,1,0
"2225",186,5,1,26.6015873015873,1,1
"2226",186,6,1,26.6714285714286,2,2
"2227",186,7,1,26.6095238095238,2,2
"2228",186,8,1,24.815,3,3
"2229",186,9,2,24.6666666666667,3,6
"2230",186,10,1,20.9301587301587,3,3
"2231",186,11,0,20.5603174603175,1,0
"2232",186,12,0,21.5603174603175,1,0
"2233",187,1,0,22.5936507936508,1,0
"2234",187,2,0,23.6269841269841,1,0
"2235",187,3,0,24.568253968254,1,0
"2236",187,4,0,25.6015873015873,1,0
"2237",187,5,1,26.6015873015873,1,1
"2238",187,6,1,26.6714285714286,2,2
"2239",187,7,1,26.6095238095238,2,2
"2240",187,8,1,24.815,3,3
"2241",187,9,2,24.6666666666667,3,6
"2242",187,10,1,20.9301587301587,3,3
"2243",187,11,0,20.5603174603175,1,0
"2244",187,12,0,21.5603174603175,1,0
"2245",188,1,0,22.5936507936508,1,0
"2246",188,2,0,23.6269841269841,1,0
"2247",188,3,0,24.568253968254,1,0
"2248",188,4,0,25.6015873015873,1,0
"2249",188,5,1,26.6015873015873,1,1
"2250",188,6,1,26.6714285714286,2,2
"2251",188,7,1,26.6095238095238,2,2
"2252",188,8,1,24.815,3,3
"2253",188,9,2,24.6666666666667,3,6
"2254",188,10,1,20.9301587301587,3,3
"2255",188,11,0,20.5603174603175,1,0
"2256",188,12,0,21.5603174603175,1,0
"2257",189,1,0,22.2031746031746,1,0
"2258",189,2,0,23.2365079365079,1,0
"2259",189,3,0,24.1777777777778,1,0
"2260",189,4,0,25.2111111111111,1,0
"2261",189,5,1,26.2111111111111,1,1
"2262",189,6,1,26.2809523809524,2,2
"2263",189,7,1,26.2190476190476,2,2
"2264",189,8,1,24.405,3,3
"2265",189,9,3,24.2761904761905,3,9
"2266",189,10,1,20.3444444444444,3,3
"2267",189,11,0,20.1698412698413,1,0
"2268",189,12,0,21.1698412698413,1,0
"2269",190,1,0,22.2031746031746,1,0
"2270",190,2,0,23.2365079365079,1,0
"2271",190,3,0,24.1777777777778,1,0
"2272",190,4,0,25.2111111111111,1,0
"2273",190,5,1,26.2111111111111,1,1
"2274",190,6,1,26.2809523809524,2,2
"2275",190,7,1,26.2190476190476,2,2
"2276",190,8,1,24.405,3,3
"2277",190,9,3,24.2761904761905,3,9
"2278",190,10,1,20.3444444444444,3,3
"2279",190,11,0,20.1698412698413,1,0
"2280",190,12,0,21.1698412698413,1,0
"2281",191,1,0,22.2031746031746,1,0
"2282",191,2,0,23.2365079365079,1,0
"2283",191,3,0,24.1777777777778,1,0
"2284",191,4,0,25.2111111111111,1,0
"2285",191,5,1,26.2111111111111,1,1
"2286",191,6,1,26.2809523809524,2,2
"2287",191,7,1,26.2190476190476,2,2
"2288",191,8,1,24.405,3,3
"2289",191,9,3,24.2761904761905,3,9
"2290",191,10,1,20.3444444444444,3,3
"2291",191,11,0,20.1698412698413,1,0
"2292",191,12,0,21.1698412698413,1,0
"2293",192,1,0,22.2031746031746,1,0
"2294",192,2,0,23.2365079365079,1,0
"2295",192,3,0,24.1777777777778,1,0
"2296",192,4,0,25.2111111111111,1,0
"2297",192,5,1,26.2111111111111,1,1
"2298",192,6,1,26.2809523809524,2,2
"2299",192,7,1,26.2190476190476,2,2
"2300",192,8,1,24.405,3,3
"2301",192,9,3,24.2761904761905,3,9
"2302",192,10,1,20.3444444444444,3,3
"2303",192,11,0,20.1698412698413,1,0
"2304",192,12,0,21.1698412698413,1,0
"2305",193,1,0,22.2031746031746,1,0
"2306",193,2,0,23.2365079365079,1,0
"2307",193,3,0,24.1777777777778,1,0
"2308",193,4,0,25.2111111111111,1,0
"2309",193,5,1,26.2111111111111,1,1
"2310",193,6,1,26.2809523809524,2,2
"2311",193,7,1,26.2190476190476,2,2
"2312",193,8,1,24.405,3,3
"2313",193,9,3,24.2761904761905,3,9
"2314",193,10,1,20.3444444444444,3,3
"2315",193,11,0,20.1698412698413,1,0
"2316",193,12,0,21.1698412698413,1,0
"2317",194,1,0,22.5936507936508,1,0
"2318",194,2,0,23.6269841269841,1,0
"2319",194,3,0,24.568253968254,1,0
"2320",194,4,0,25.6015873015873,1,0
"2321",194,5,1,26.6015873015873,1,1
"2322",194,6,1,26.6714285714286,2,2
"2323",194,7,1,26.6095238095238,2,2
"2324",194,8,1,24.815,3,3
"2325",194,9,2,24.6666666666667,3,6
"2326",194,10,1,20.9301587301587,3,3
"2327",194,11,0,20.5603174603175,1,0
"2328",194,12,0,21.5603174603175,1,0
"2329",195,1,0,22.5936507936508,1,0
"2330",195,2,0,23.6269841269841,1,0
"2331",195,3,0,24.568253968254,1,0
"2332",195,4,0,25.6015873015873,1,0
"2333",195,5,1,26.6015873015873,1,1
"2334",195,6,1,26.6714285714286,2,2
"2335",195,7,1,26.6095238095238,2,2
"2336",195,8,1,24.815,3,3
"2337",195,9,2,24.6666666666667,3,6
"2338",195,10,1,20.9301587301587,3,3
"2339",195,11,0,20.5603174603175,1,0
"2340",195,12,0,21.5603174603175,1,0
"2341",196,1,0,22.5936507936508,1,0
"2342",196,2,0,23.6269841269841,1,0
"2343",196,3,0,24.568253968254,1,0
"2344",196,4,0,25.6015873015873,1,0
"2345",196,5,1,26.6015873015873,1,1
"2346",196,6,1,26.6714285714286,2,2
"2347",196,7,1,26.6095238095238,2,2
"2348",196,8,1,24.815,3,3
"2349",196,9,2,24.6666666666667,3,6
"2350",196,10,1,20.9301587301587,3,3
"2351",196,11,0,20.5603174603175,1,0
"2352",196,12,0,21.5603174603175,1,0
"2353",197,1,0,16.7385964912281,1,0
"2354",197,2,0,17.7719298245614,1,0
"2355",197,3,0,18.7140350877193,1,0
"2356",197,4,0,19.7473684210526,1,0
"2357",197,5,2,20.7473684210526,1,2
"2358",197,6,0,18.9543859649123,2,0
"2359",197,7,1,19.9543859649123,2,2
"2360",197,8,1,17.9259259259259,3,3
"2361",197,9,4,17.662962962963,3,12
"2362",197,10,0,13.6719298245614,3,0
"2363",197,11,0,14.7052631578947,1,0
"2364",197,12,0,15.7052631578947,1,0
"2365",198,1,0,21.4736842105263,1,0
"2366",198,2,0,22.5070175438597,1,0
"2367",198,3,0,23.4491228070175,1,0
"2368",198,4,0,24.4824561403509,1,0
"2369",198,5,1,25.4824561403509,1,1
"2370",198,6,1,24.1684210526316,2,2
"2371",198,7,0,21.4859649122807,2,0
"2372",198,8,1,23.6574074074074,3,3
"2373",198,9,5,23.3944444444444,3,15
"2374",198,10,0,18.4070175438596,3,0
"2375",198,11,0,19.440350877193,1,0
"2376",198,12,0,20.440350877193,1,0
"2377",199,1,0,22.7684210526316,1,0
"2378",199,2,0,23.8017543859649,1,0
"2379",199,3,0,24.7438596491228,1,0
"2380",199,4,0,25.7771929824561,1,0
"2381",199,5,1,26.7771929824561,1,1
"2382",199,6,1,25.4631578947368,2,2
"2383",199,7,0,22.5649122807018,2,0
"2384",199,8,1,24.7962962962963,3,3
"2385",199,9,4,24.5333333333333,3,12
"2386",199,10,0,19.7017543859649,3,0
"2387",199,11,0,20.7350877192982,1,0
"2388",199,12,0,21.7350877192982,1,0
"2389",200,1,0,22.7684210526316,1,0
"2390",200,2,0,23.8017543859649,1,0
"2391",200,3,0,24.7438596491228,1,0
"2392",200,4,0,25.7771929824561,1,0
"2393",200,5,1,26.7771929824561,1,1
"2394",200,6,1,25.4631578947368,2,2
"2395",200,7,0,22.5649122807018,2,0
"2396",200,8,1,24.7962962962963,3,3
"2397",200,9,4,24.5333333333333,3,12
"2398",200,10,0,19.7017543859649,3,0
"2399",200,11,0,20.7350877192982,1,0
"2400",200,12,0,21.7350877192982,1,0
"2401",201,1,0,21.4736842105263,1,0
"2402",201,2,0,22.5070175438597,1,0
"2403",201,3,0,23.4491228070175,1,0
"2404",201,4,0,24.4824561403509,1,0
"2405",201,5,1,25.4824561403509,1,1
"2406",201,6,1,24.1684210526316,2,2
"2407",201,7,0,21.4859649122807,2,0
"2408",201,8,1,23.6574074074074,3,3
"2409",201,9,5,23.3944444444444,3,15
"2410",201,10,0,18.4070175438596,3,0
"2411",201,11,0,19.440350877193,1,0
"2412",201,12,0,20.440350877193,1,0
"2413",202,1,0,21.4736842105263,1,0
"2414",202,2,0,22.5070175438597,1,0
"2415",202,3,0,23.4491228070175,1,0
"2416",202,4,0,24.4824561403509,1,0
"2417",202,5,1,25.4824561403509,1,1
"2418",202,6,1,24.1684210526316,2,2
"2419",202,7,0,21.4859649122807,2,0
"2420",202,8,1,23.6574074074074,3,3
"2421",202,9,5,23.3944444444444,3,15
"2422",202,10,0,18.4070175438596,3,0
"2423",202,11,0,19.440350877193,1,0
"2424",202,12,0,20.440350877193,1,0
"2425",203,1,0,21.4736842105263,1,0
"2426",203,2,0,22.5070175438597,1,0
"2427",203,3,0,23.4491228070175,1,0
"2428",203,4,0,24.4824561403509,1,0
"2429",203,5,1,25.4824561403509,1,1
"2430",203,6,1,24.1684210526316,2,2
"2431",203,7,0,21.4859649122807,2,0
"2432",203,8,1,23.6574074074074,3,3
"2433",203,9,5,23.3944444444444,3,15
"2434",203,10,0,18.4070175438596,3,0
"2435",203,11,0,19.440350877193,1,0
"2436",203,12,0,20.440350877193,1,0
"2437",204,1,0,21.4736842105263,1,0
"2438",204,2,0,22.5070175438597,1,0
"2439",204,3,0,23.4491228070175,1,0
"2440",204,4,0,24.4824561403509,1,0
"2441",204,5,1,25.4824561403509,1,1
"2442",204,6,1,24.1684210526316,2,2
"2443",204,7,0,21.4859649122807,2,0
"2444",204,8,1,23.6574074074074,3,3
"2445",204,9,5,23.3944444444444,3,15
"2446",204,10,0,18.4070175438596,3,0
"2447",204,11,0,19.440350877193,1,0
"2448",204,12,0,20.440350877193,1,0
"2449",205,1,0,21.4736842105263,1,0
"2450",205,2,0,22.5070175438597,1,0
"2451",205,3,0,23.4491228070175,1,0
"2452",205,4,0,24.4824561403509,1,0
"2453",205,5,1,25.4824561403509,1,1
"2454",205,6,1,24.1684210526316,2,2
"2455",205,7,0,21.4859649122807,2,0
"2456",205,8,1,23.6574074074074,3,3
"2457",205,9,5,23.3944444444444,3,15
"2458",205,10,0,18.4070175438596,3,0
"2459",205,11,0,19.440350877193,1,0
"2460",205,12,0,20.440350877193,1,0
"2461",206,1,0,21.4736842105263,1,0
"2462",206,2,0,22.5070175438597,1,0
"2463",206,3,0,23.4491228070175,1,0
"2464",206,4,0,24.4824561403509,1,0
"2465",206,5,1,25.4824561403509,1,1
"2466",206,6,1,24.1684210526316,2,2
"2467",206,7,0,21.4859649122807,2,0
"2468",206,8,1,23.6574074074074,3,3
"2469",206,9,5,23.3944444444444,3,15
"2470",206,10,0,18.4070175438596,3,0
"2471",206,11,0,19.440350877193,1,0
"2472",206,12,0,20.440350877193,1,0
"2473",207,1,0,21.4736842105263,1,0
"2474",207,2,0,22.5070175438597,1,0
"2475",207,3,0,23.4491228070175,1,0
"2476",207,4,0,24.4824561403509,1,0
"2477",207,5,1,25.4824561403509,1,1
"2478",207,6,1,24.1684210526316,2,2
"2479",207,7,0,21.4859649122807,2,0
"2480",207,8,1,23.6574074074074,3,3
"2481",207,9,5,23.3944444444444,3,15
"2482",207,10,0,18.4070175438596,3,0
"2483",207,11,0,19.440350877193,1,0
"2484",207,12,0,20.440350877193,1,0
"2485",208,1,0,21.4736842105263,1,0
"2486",208,2,0,22.5070175438597,1,0
"2487",208,3,0,23.4491228070175,1,0
"2488",208,4,0,24.4824561403509,1,0
"2489",208,5,1,25.4824561403509,1,1
"2490",208,6,1,24.1684210526316,2,2
"2491",208,7,0,21.4859649122807,2,0
"2492",208,8,1,23.6574074074074,3,3
"2493",208,9,5,23.3944444444444,3,15
"2494",208,10,0,18.4070175438596,3,0
"2495",208,11,0,19.440350877193,1,0
"2496",208,12,0,20.440350877193,1,0
"2497",209,1,0,13,1,0
"2498",209,2,0,14.0333333333333,1,0
"2499",209,3,0,14.9754385964912,1,0
"2500",209,4,0,16.0087719298246,1,0
"2501",209,5,0,17.0087719298246,1,0
"2502",209,6,1,18.0421052631579,2,2
"2503",209,7,3,16.5315789473684,2,6
"2504",209,8,1,14.0907407407407,3,3
"2505",209,9,6,13.8277777777778,3,18
"2506",209,10,1,9.9859649122807,3,3
"2507",209,11,0,10.9666666666667,1,0
"2508",209,12,0,11.9666666666667,1,0
"2509",210,1,0,13,1,0
"2510",210,2,0,14.0333333333333,1,0
"2511",210,3,0,14.9754385964912,1,0
"2512",210,4,0,16.0087719298246,1,0
"2513",210,5,0,17.0087719298246,1,0
"2514",210,6,1,18.0421052631579,2,2
"2515",210,7,3,16.5315789473684,2,6
"2516",210,8,1,14.0907407407407,3,3
"2517",210,9,6,13.8277777777778,3,18
"2518",210,10,1,9.9859649122807,3,3
"2519",210,11,0,10.9666666666667,1,0
"2520",210,12,0,11.9666666666667,1,0
"2521",211,1,0,13,1,0
"2522",211,2,0,14.0333333333333,1,0
"2523",211,3,0,14.9754385964912,1,0
"2524",211,4,0,16.0087719298246,1,0
"2525",211,5,0,17.0087719298246,1,0
"2526",211,6,1,18.0421052631579,2,2
"2527",211,7,3,16.5315789473684,2,6
"2528",211,8,1,14.0907407407407,3,3
"2529",211,9,6,13.8277777777778,3,18
"2530",211,10,1,9.9859649122807,3,3
"2531",211,11,0,10.9666666666667,1,0
"2532",211,12,0,11.9666666666667,1,0
"2533",212,1,0,13,1,0
"2534",212,2,0,14.0333333333333,1,0
"2535",212,3,0,14.9754385964912,1,0
"2536",212,4,0,16.0087719298246,1,0
"2537",212,5,0,17.0087719298246,1,0
"2538",212,6,1,18.0421052631579,2,2
"2539",212,7,3,16.5315789473684,2,6
"2540",212,8,1,14.0907407407407,3,3
"2541",212,9,6,13.8277777777778,3,18
"2542",212,10,1,9.9859649122807,3,3
"2543",212,11,0,10.9666666666667,1,0
"2544",212,12,0,11.9666666666667,1,0
"2545",213,1,0,13,1,0
"2546",213,2,0,14.0333333333333,1,0
"2547",213,3,0,14.9754385964912,1,0
"2548",213,4,0,16.0087719298246,1,0
"2549",213,5,0,17.0087719298246,1,0
"2550",213,6,1,18.0421052631579,2,2
"2551",213,7,3,16.5315789473684,2,6
"2552",213,8,1,14.0907407407407,3,3
"2553",213,9,6,13.8277777777778,3,18
"2554",213,10,1,9.9859649122807,3,3
"2555",213,11,0,10.9666666666667,1,0
"2556",213,12,0,11.9666666666667,1,0
"2557",214,1,0,13,1,0
"2558",214,2,0,14.0333333333333,1,0
"2559",214,3,0,14.9754385964912,1,0
"2560",214,4,0,16.0087719298246,1,0
"2561",214,5,0,17.0087719298246,1,0
"2562",214,6,1,18.0421052631579,2,2
"2563",214,7,3,16.5315789473684,2,6
"2564",214,8,1,14.0907407407407,3,3
"2565",214,9,6,13.8277777777778,3,18
"2566",214,10,1,9.9859649122807,3,3
"2567",214,11,0,10.9666666666667,1,0
"2568",214,12,0,11.9666666666667,1,0
"2569",215,1,0,13,1,0
"2570",215,2,0,14.0333333333333,1,0
"2571",215,3,0,14.9754385964912,1,0
"2572",215,4,0,16.0087719298246,1,0
"2573",215,5,0,17.0087719298246,1,0
"2574",215,6,1,18.0421052631579,2,2
"2575",215,7,3,16.5315789473684,2,6
"2576",215,8,1,14.0907407407407,3,3
"2577",215,9,6,13.8277777777778,3,18
"2578",215,10,1,9.9859649122807,3,3
"2579",215,11,0,10.9666666666667,1,0
"2580",215,12,0,11.9666666666667,1,0
"2581",216,1,0,13,1,0
"2582",216,2,0,14.0333333333333,1,0
"2583",216,3,0,14.9754385964912,1,0
"2584",216,4,0,16.0087719298246,1,0
"2585",216,5,0,17.0087719298246,1,0
"2586",216,6,1,18.0421052631579,2,2
"2587",216,7,3,16.5315789473684,2,6
"2588",216,8,1,14.0907407407407,3,3
"2589",216,9,6,13.8277777777778,3,18
"2590",216,10,1,9.9859649122807,3,3
"2591",216,11,0,10.9666666666667,1,0
"2592",216,12,0,11.9666666666667,1,0
"2593",217,1,0,13,1,0
"2594",217,2,0,14.0333333333333,1,0
"2595",217,3,0,14.9754385964912,1,0
"2596",217,4,0,16.0087719298246,1,0
"2597",217,5,0,17.0087719298246,1,0
"2598",217,6,1,18.0421052631579,2,2
"2599",217,7,3,16.5315789473684,2,6
"2600",217,8,1,14.0907407407407,3,3
"2601",217,9,6,13.8277777777778,3,18
"2602",217,10,1,9.9859649122807,3,3
"2603",217,11,0,10.9666666666667,1,0
"2604",217,12,0,11.9666666666667,1,0
"2605",218,1,0,13,1,0
"2606",218,2,0,14.0333333333333,1,0
"2607",218,3,0,14.9754385964912,1,0
"2608",218,4,0,16.0087719298246,1,0
"2609",218,5,0,17.0087719298246,1,0
"2610",218,6,1,18.0421052631579,2,2
"2611",218,7,3,16.5315789473684,2,6
"2612",218,8,1,14.0907407407407,3,3
"2613",218,9,6,13.8277777777778,3,18
"2614",218,10,1,9.9859649122807,3,3
"2615",218,11,0,10.9666666666667,1,0
"2616",218,12,0,11.9666666666667,1,0
"2617",219,1,0,13,1,0
"2618",219,2,0,14.0333333333333,1,0
"2619",219,3,0,14.9754385964912,1,0
"2620",219,4,0,16.0087719298246,1,0
"2621",219,5,0,17.0087719298246,1,0
"2622",219,6,1,18.0421052631579,2,2
"2623",219,7,3,16.5315789473684,2,6
"2624",219,8,1,14.0907407407407,3,3
"2625",219,9,6,13.8277777777778,3,18
"2626",219,10,1,9.9859649122807,3,3
"2627",219,11,0,10.9666666666667,1,0
"2628",219,12,0,11.9666666666667,1,0
"2629",220,1,0,13,1,0
"2630",220,2,0,14.0333333333333,1,0
"2631",220,3,0,14.9754385964912,1,0
"2632",220,4,0,16.0087719298246,1,0
"2633",220,5,0,17.0087719298246,1,0
"2634",220,6,1,18.0421052631579,2,2
"2635",220,7,3,16.5315789473684,2,6
"2636",220,8,1,14.0907407407407,3,3
"2637",220,9,6,13.8277777777778,3,18
"2638",220,10,1,9.9859649122807,3,3
"2639",220,11,0,10.9666666666667,1,0
"2640",220,12,0,11.9666666666667,1,0
